eat_mushrooms,prior_mushroom_picking,prior_app_used,mush_know_1,mush_know_2,mush_know_3,mush_know_4,mush_know_5,mush_know_6,ai_know_1,ai_know_2,ai_know_3,ai_know_4,ai_know_5,trust1,trust2,propensitytrust1,propensitytrust1_c,propensitytrust2,propensitytrust3,app_eval,intention_use,gender,age,education,item_edible_01,item_pick_01,item_edible_02,item_pick_02,item_edible_03,item_pick_03,item_edible_04,item_pick_04,item_edible_05,item_pick_05,item_edible_06,item_pick_06,item_edible_07,item_pick_07,item_edible_08,item_pick_08,item_edible_09,item_pick_09,item_edible_10,item_pick_10,group,item_edible_01_c,item_pick_01_c,item_edible_02_c,item_pick_02_c,item_edible_03_c,item_pick_03_c,item_edible_04_c,item_pick_04_c,item_edible_05_c,item_pick_05_c,item_edible_06_c,item_pick_06_c,item_edible_07_c,item_pick_07_c,item_edible_08_c,item_pick_08_c,item_edible_09_c,item_pick_09_c,item_edible_10_c,item_pick_10_c,total_performance_edible,total_performance_pick,subset_performance_correct_model_edible,subset_performance_correct_model_pick,subset_performance_wrong_model_edible,subset_performance_wrong_model_pick,subset_performance_edible_mush_edible,subset_performance_edible_mush_pick,subset_performance_poisonous_mush_edible,subset_performance_poisonous_mush_pick,subset_performance_aligned_gradcam_edible,subset_performance_aligned_gradcam_pick,subset_performance_not_aligned_gradcam_edible,subset_performance_not_aligned_gradcam_pick,subset_performance_aligned_nneighbor_edible,subset_performance_aligned_nneighbor_pick,subset_performance_not_aligned_nneighbor_edible,subset_performance_not_aligned_nneighbor_pick,subset_performance_aligned_netdissect_edible,subset_performance_aligned_netdissect_pick,subset_performance_not_aligned_netdissect_edible,subset_performance_not_aligned_netdissect_pick
1,1,2,4,1,4,1,2,1,1,3,3,1,1,4,3,5,1,4,4,5,4,2,82,6,0,0,0,0,0,0,0,0,1,1,0,0,0,0,0,0,0,0,1,1,4,1,1,0,0,0,0,1,1,1,1,0,0,1,1,0,0,0,0,0,0,4.0,4.0,3,3,1,1,1,1,3,3,4,4,0,0,2,2,2,2,4,4,0,0
1,1,2,2,3,4,2,2,2,1,3,2,2,4,4,4,3,3,3,4,5,5,2,63,3,1,1,0,0,0,0,0,0,1,1,1,1,0,0,1,1,1,1,1,1,1,0,0,0,0,0,0,1,1,1,1,1,1,1,1,1,1,1,1,0,0,6.0,6.0,6,6,0,0,4,4,2,2,6,6,0,0,4,4,2,2,5,5,1,1
1,1,2,4,3,4,1,2,2,2,2,2,2,2,4,4,4,2,2,4,5,4,2,57,7,1,1,0,0,0,0,0,0,1,1,1,0,0,0,0,0,1,0,1,1,1,0,0,0,0,0,0,1,1,1,1,1,0,1,1,0,0,1,0,0,0,5.0,3.0,5,3,0,0,3,1,2,2,5,3,0,0,3,2,2,1,4,3,1,0
1,1,2,1,2,2,4,1,3,3,2,4,2,4,3,4,3,3,4,4,3,3,2,67,3,1,1,0,0,0,0,0,0,1,1,1,1,0,0,0,0,1,1,1,1,2,0,0,0,0,0,0,1,1,1,1,1,1,1,1,0,0,1,1,0,0,5.0,5.0,5,5,0,0,3,3,2,2,5,5,0,0,3,3,2,2,4,4,1,1
1,1,2,4,4,1,3,3,1,4,3,3,3,1,5,5,4,2,4,4,5,5,2,41,3,1,1,1,1,1,1,0,0,1,1,1,1,0,0,0,0,1,1,1,1,3,0,0,1,1,1,1,1,1,1,1,1,1,1,1,0,0,1,1,0,0,7.0,7.0,5,5,2,2,5,5,2,2,6,6,1,1,5,5,2,2,6,6,1,1
1,2,2,4,4,4,3,2,1,3,2,3,2,2,5,5,4,2,2,3,5,4,1,35,5,1,1,0,0,0,0,0,0,1,1,1,1,0,0,1,1,1,1,1,1,4,0,0,0,0,0,0,1,1,1,1,1,1,1,1,1,1,1,1,0,0,6.0,6.0,6,6,0,0,4,4,2,2,6,6,0,0,4,4,2,2,5,5,1,1
1,1,2,4,4,4,3,2,4,1,2,2,1,2,4,4,2,4,3,4,5,4,1,62,3,1,1,0,0,0,0,1,1,1,1,0,0,1,1,0,0,1,1,1,1,3,0,0,0,0,0,0,0,0,1,1,0,0,0,0,0,0,1,1,0,0,2.0,2.0,2,2,0,0,2,2,0,0,2,2,0,0,1,1,1,1,1,1,1,1
1,1,1,4,2,1,3,4,3,1,1,2,3,3,4,4,3,3,4,3,4,4,2,37,2,1,0,0,0,0,0,0,0,1,0,1,1,0,0,1,0,1,0,1,1,2,0,1,0,0,0,0,1,1,1,0,1,1,1,1,1,0,1,0,0,0,6.0,4.0,6,3,0,1,4,1,2,3,6,4,0,0,4,2,2,2,5,4,1,0
1,1,2,4,3,4,1,3,1,1,2,2,2,2,4,4,4,2,4,4,4,4,2,39,4,1,1,1,0,0,0,0,0,1,1,1,0,0,0,1,0,1,0,1,1,2,0,0,1,0,0,0,1,1,1,1,1,0,1,1,1,0,1,0,0,0,7.0,3.0,6,3,1,0,5,1,2,2,7,3,0,0,5,2,2,1,6,3,1,0
2,1,2,4,4,3,3,2,2,1,3,2,2,1,4,4,4,2,2,1,4,4,1,24,4,1,0,0,0,0,0,0,0,1,1,0,0,0,0,0,0,1,1,1,1,4,0,1,0,0,0,0,1,1,1,1,0,0,1,1,0,0,1,1,0,0,4.0,5.0,4,4,0,1,2,2,2,3,4,5,0,0,2,2,2,3,3,4,1,1
1,1,2,3,2,3,2,3,3,1,2,2,2,2,4,4,5,1,4,4,5,5,2,42,6,1,1,0,0,0,0,0,0,1,0,1,1,0,0,1,1,0,0,1,1,1,0,0,0,0,0,0,1,1,1,0,1,1,1,1,1,1,0,0,0,0,5.0,4.0,5,4,0,0,3,2,2,2,5,4,0,0,4,3,1,1,5,4,0,0
1,1,2,4,1,3,1,4,2,1,2,2,2,2,4,4,4,2,4,4,4,4,2,66,3,1,1,0,0,1,1,0,0,1,1,1,1,0,0,1,1,1,1,1,1,3,0,0,0,0,1,1,1,1,1,1,1,1,1,1,1,1,1,1,0,0,7.0,7.0,6,6,1,1,5,5,2,2,6,6,1,1,5,5,2,2,6,6,1,1
1,1,2,4,1,4,1,2,1,1,2,2,2,1,4,4,5,1,1,3,4,3,1,73,4,1,1,0,0,0,0,0,0,1,1,1,1,0,0,1,1,0,0,1,1,3,0,0,0,0,0,0,1,1,1,1,1,1,1,1,1,1,0,0,0,0,5.0,5.0,5,5,0,0,3,3,2,2,5,5,0,0,4,4,1,1,5,5,0,0
1,2,2,4,4,1,3,2,4,1,1,2,2,2,4,4,5,1,4,4,4,2,2,36,6,0,0,0,0,0,0,0,0,0,0,1,1,0,0,0,0,0,0,1,1,1,1,1,0,0,0,0,1,1,0,0,1,1,1,1,0,0,0,0,0,0,4.0,4.0,3,3,1,1,1,1,3,3,4,4,0,0,2,2,2,2,4,4,0,0
1,1,2,4,3,4,3,3,2,1,2,2,4,1,3,3,5,1,3,3,3,2,1,72,3,1,0,0,0,1,1,0,0,1,1,0,0,0,0,0,0,1,1,1,1,4,0,1,0,0,1,1,1,1,1,1,0,0,1,1,0,0,1,1,0,0,5.0,6.0,4,4,1,2,3,3,2,3,4,5,1,1,3,3,2,3,4,5,1,1
1,1,2,4,3,4,1,3,2,1,2,2,2,2,2,3,4,2,4,4,2,3,1,31,6,1,1,0,0,0,0,0,0,1,1,1,1,0,0,1,0,0,0,1,1,1,0,0,0,0,0,0,1,1,1,1,1,1,1,1,1,0,0,0,0,0,5.0,4.0,5,4,0,0,3,2,2,2,5,4,0,0,4,3,1,1,5,4,0,0
1,1,2,4,4,4,3,1,1,3,4,2,2,2,3,3,4,2,1,4,4,3,2,37,3,1,1,0,0,1,1,0,0,1,1,1,1,1,1,0,0,0,0,1,1,2,0,0,0,0,1,1,1,1,1,1,1,1,0,0,0,0,0,0,0,0,4.0,4.0,3,3,1,1,3,3,1,1,3,3,1,1,4,4,0,0,4,4,0,0
1,1,2,4,3,4,1,2,2,3,2,2,3,3,3,3,3,3,3,4,4,5,2,50,3,1,1,0,0,0,0,0,0,1,1,1,1,0,0,0,0,0,0,1,1,2,0,0,0,0,0,0,1,1,1,1,1,1,1,1,0,0,0,0,0,0,4.0,4.0,4,4,0,0,2,2,2,2,4,4,0,0,3,3,1,1,4,4,0,0
1,1,2,3,4,1,2,2,2,2,4,4,3,3,4,4,5,1,3,4,5,4,2,30,5,1,1,0,0,1,1,1,1,1,1,1,1,1,1,0,0,0,0,1,1,3,0,0,0,0,1,1,0,0,1,1,1,1,0,0,0,0,0,0,0,0,3.0,3.0,2,2,1,1,3,3,0,0,2,2,1,1,3,3,0,0,3,3,0,0
1,1,2,4,3,4,1,2,1,3,3,4,3,1,2,2,5,1,3,3,3,2,1,19,4,1,1,0,0,0,0,0,0,1,1,1,1,0,0,0,0,1,1,1,1,4,0,0,0,0,0,0,1,1,1,1,1,1,1,1,0,0,1,1,0,0,5.0,5.0,5,5,0,0,3,3,2,2,5,5,0,0,3,3,2,2,4,4,1,1
1,1,1,4,1,4,3,2,1,1,2,2,2,2,4,4,5,1,3,5,5,4,1,68,3,0,0,0,0,1,1,1,1,0,0,1,1,0,0,0,0,0,0,0,0,1,1,1,0,0,1,1,0,0,0,0,1,1,1,1,0,0,0,0,1,1,5.0,5.0,2,2,3,3,2,2,3,3,3,3,2,2,2,2,3,3,4,4,1,1
1,1,1,4,3,1,4,1,3,3,2,3,3,2,4,4,3,3,4,4,4,4,2,53,3,1,1,0,0,0,0,0,0,1,0,1,0,0,0,0,0,1,0,1,0,4,0,0,0,0,0,0,1,1,1,0,1,0,1,1,0,0,1,0,0,1,5.0,3.0,5,2,0,1,3,0,2,3,5,2,0,1,3,1,2,2,4,2,1,1
1,1,2,4,4,4,1,2,4,4,1,3,1,4,4,4,4,2,3,4,4,4,1,40,4,1,1,0,0,0,0,1,1,1,1,1,1,0,0,0,0,1,1,1,1,1,0,0,0,0,0,0,0,0,1,1,1,1,1,1,0,0,1,1,0,0,4.0,4.0,4,4,0,0,3,3,1,1,4,4,0,0,2,2,2,2,3,3,1,1
1,1,2,4,4,4,3,2,4,1,2,4,2,1,4,3,4,2,3,3,5,5,1,41,3,1,1,0,0,0,0,0,0,0,0,1,1,0,0,0,0,0,0,1,1,4,0,0,0,0,0,0,1,1,0,0,1,1,1,1,0,0,0,0,0,0,3.0,3.0,3,3,0,0,1,1,2,2,3,3,0,0,2,2,1,1,3,3,0,0
1,2,2,4,1,1,3,1,2,1,1,2,2,2,4,4,4,2,2,3,4,4,2,25,5,1,1,0,0,0,0,0,0,1,1,1,1,0,0,1,0,0,0,1,1,2,0,0,0,0,0,0,1,1,1,1,1,1,1,1,1,0,0,0,0,0,5.0,4.0,5,4,0,0,3,2,2,2,5,4,0,0,4,3,1,1,5,4,0,0
1,1,2,4,4,4,1,3,1,2,3,2,2,1,2,1,4,2,3,4,2,2,2,63,4,0,0,1,1,1,1,1,1,1,1,1,1,1,1,1,1,0,0,1,1,3,1,1,1,1,1,1,0,0,1,1,1,1,0,0,1,1,0,0,0,0,6.0,6.0,3,3,3,3,5,5,1,1,5,5,1,1,5,5,1,1,6,6,0,0
1,1,2,4,1,1,3,3,2,3,3,3,3,4,1,1,5,1,1,1,3,1,1,50,5,1,1,0,0,0,0,0,0,1,1,1,1,0,0,0,0,1,1,1,1,4,0,0,0,0,0,0,1,1,1,1,1,1,1,1,0,0,1,1,0,0,5.0,5.0,5,5,0,0,3,3,2,2,5,5,0,0,3,3,2,2,4,4,1,1
1,1,2,4,3,2,1,2,1,1,4,1,3,1,4,4,4,2,3,2,4,4,2,67,3,1,1,1,1,1,1,0,0,1,1,1,1,1,1,0,0,0,0,1,1,3,0,0,1,1,1,1,1,1,1,1,1,1,0,0,0,0,0,0,0,0,5.0,5.0,3,3,2,2,4,4,1,1,4,4,1,1,5,5,0,0,5,5,0,0
1,1,2,4,4,4,1,4,4,4,1,2,3,4,4,4,3,3,4,3,4,4,2,30,4,1,0,0,0,0,0,0,0,1,1,1,1,1,0,1,0,1,0,1,1,1,0,1,0,0,0,0,1,1,1,1,1,1,0,1,1,0,1,0,0,0,5.0,5.0,5,4,0,1,4,2,1,3,5,5,0,0,4,3,1,2,4,5,1,0
1,1,2,4,1,4,1,1,1,1,2,3,2,2,4,4,4,2,3,4,5,4,2,59,3,1,1,1,0,0,0,0,0,1,1,1,1,0,0,1,1,1,1,1,1,2,0,0,1,0,0,0,1,1,1,1,1,1,1,1,1,1,1,1,0,0,7.0,6.0,6,6,1,0,5,4,2,2,7,6,0,0,5,4,2,2,6,5,1,1
1,2,2,4,1,3,3,4,1,3,1,3,3,2,5,4,2,4,4,4,5,5,1,23,4,1,1,0,0,0,0,0,0,1,1,1,1,0,0,1,1,1,1,1,1,4,0,0,0,0,0,0,1,1,1,1,1,1,1,1,1,1,1,1,0,0,6.0,6.0,6,6,0,0,4,4,2,2,6,6,0,0,4,4,2,2,5,5,1,1
2,1,2,4,4,1,3,2,1,1,2,3,2,2,2,2,5,1,3,4,2,3,1,33,6,1,1,1,0,0,0,0,0,1,1,1,1,1,0,1,0,1,0,1,1,2,0,0,1,0,0,0,1,1,1,1,1,1,0,1,1,0,1,0,0,0,6.0,4.0,5,4,1,0,5,2,1,2,6,4,0,0,5,3,1,1,5,4,1,0
1,1,2,4,4,4,3,3,3,1,3,3,2,2,3,3,5,1,1,3,3,2,1,54,2,1,1,0,0,0,0,0,0,1,1,0,0,0,0,0,0,0,0,1,1,1,0,0,0,0,0,0,1,1,1,1,0,0,1,1,0,0,0,0,0,0,3.0,3.0,3,3,0,0,1,1,2,2,3,3,0,0,2,2,1,1,3,3,0,0
1,1,2,4,1,4,1,3,1,1,3,4,3,4,3,3,4,2,3,3,3,2,2,64,3,1,1,1,0,0,0,1,0,1,0,1,0,1,0,0,0,1,0,1,1,3,0,0,1,0,0,0,0,1,1,0,1,0,0,1,0,0,1,0,0,0,4.0,2.0,3,2,1,0,4,0,0,2,4,2,0,0,3,1,1,1,3,2,1,0
1,1,2,4,1,2,1,3,1,2,2,2,2,2,3,3,5,1,3,3,4,3,2,42,3,1,1,1,1,0,0,0,0,0,1,1,1,0,0,0,0,1,1,1,1,2,0,0,1,1,0,0,1,1,0,1,1,1,1,1,0,0,1,1,0,0,5.0,6.0,4,5,1,1,3,4,2,2,5,6,0,0,3,4,2,2,4,5,1,1
1,1,2,4,3,4,1,3,2,1,2,2,2,4,4,4,4,2,3,4,3,3,2,73,4,1,1,0,0,0,0,0,0,0,0,1,1,0,0,1,1,1,1,1,1,4,0,0,0,0,0,0,1,1,0,0,1,1,1,1,1,1,1,1,0,0,5.0,5.0,5,5,0,0,3,3,2,2,5,5,0,0,3,3,2,2,4,4,1,1
1,1,2,4,1,1,3,4,1,1,1,4,2,2,4,4,4,2,3,4,4,3,2,53,4,1,1,0,0,0,0,1,0,1,1,1,1,0,0,0,0,1,1,1,1,1,0,0,0,0,0,0,0,1,1,1,1,1,1,1,0,0,1,1,0,0,4.0,5.0,4,5,0,0,3,3,1,2,4,5,0,0,2,3,2,2,3,4,1,1
1,1,2,4,3,2,1,3,2,1,1,2,2,2,2,2,4,2,3,4,4,2,1,55,3,1,1,0,0,0,0,0,0,1,1,0,0,0,0,0,0,1,0,0,0,2,0,0,0,0,0,0,1,1,1,1,0,0,1,1,0,0,1,0,1,1,5.0,4.0,4,3,1,1,2,1,3,3,4,3,1,1,2,2,3,2,3,3,2,1
1,1,2,4,3,3,1,2,1,3,2,3,2,2,4,4,4,2,3,4,5,4,1,47,3,1,0,0,0,0,0,0,0,1,1,1,1,0,0,1,0,1,0,1,1,3,0,1,0,0,0,0,1,1,1,1,1,1,1,1,1,0,1,0,0,0,6.0,5.0,6,4,0,1,4,2,2,3,6,5,0,0,4,3,2,2,5,5,1,0
1,1,2,4,3,4,1,2,1,1,3,2,2,2,3,3,3,3,3,3,4,3,2,60,3,1,0,0,0,0,0,0,0,1,1,1,1,0,0,1,0,1,0,1,1,1,0,1,0,0,0,0,1,1,1,1,1,1,1,1,1,0,1,0,0,0,6.0,5.0,6,4,0,1,4,2,2,3,6,5,0,0,4,3,2,2,5,5,1,0
1,1,2,4,1,4,1,3,1,1,1,2,2,2,4,4,4,2,3,4,4,4,2,60,5,1,1,0,0,0,0,0,0,1,1,1,1,0,0,1,1,1,1,1,1,4,0,0,0,0,0,0,1,1,1,1,1,1,1,1,1,1,1,1,0,0,6.0,6.0,6,6,0,0,4,4,2,2,6,6,0,0,4,4,2,2,5,5,1,1
1,1,2,4,1,4,1,2,2,1,2,1,4,1,3,2,5,1,2,3,4,1,2,60,3,1,1,0,0,0,0,0,0,1,1,1,1,0,0,0,0,1,1,1,1,2,0,0,0,0,0,0,1,1,1,1,1,1,1,1,0,0,1,1,0,0,5.0,5.0,5,5,0,0,3,3,2,2,5,5,0,0,3,3,2,2,4,4,1,1
1,1,2,4,4,3,3,3,1,4,1,1,3,4,2,2,3,3,3,3,2,2,1,19,4,1,1,0,0,0,0,0,0,1,1,1,1,0,0,1,1,1,1,1,1,1,0,0,0,0,0,0,1,1,1,1,1,1,1,1,1,1,1,1,0,0,6.0,6.0,6,6,0,0,4,4,2,2,6,6,0,0,4,4,2,2,5,5,1,1
1,1,2,3,4,1,1,3,4,1,4,3,2,2,4,2,5,1,4,4,4,4,2,31,3,1,1,0,0,1,0,0,0,1,1,1,1,0,0,1,1,1,0,1,1,4,0,0,0,0,1,0,1,1,1,1,1,1,1,1,1,1,1,0,0,0,7.0,5.0,6,5,1,0,5,3,2,2,6,5,1,0,5,4,2,1,6,5,1,0
1,1,2,4,3,4,1,3,2,1,1,2,3,2,1,1,5,1,3,4,2,1,2,53,6,0,0,0,0,1,0,0,0,1,1,1,1,0,0,1,0,0,0,0,0,3,1,1,0,0,1,0,1,1,1,1,1,1,1,1,1,0,0,0,1,1,8.0,6.0,5,4,3,2,4,2,4,4,6,5,2,1,5,3,3,3,7,5,1,1
1,1,2,4,3,2,4,2,2,1,2,2,2,2,4,4,5,1,2,3,4,3,2,40,4,1,1,0,0,0,0,0,0,1,1,1,1,0,0,1,0,1,1,1,1,4,0,0,0,0,0,0,1,1,1,1,1,1,1,1,1,0,1,1,0,0,6.0,5.0,6,5,0,0,4,3,2,2,6,5,0,0,4,3,2,2,5,4,1,1
1,2,2,4,4,2,3,1,1,3,2,2,2,2,4,5,4,2,4,4,5,5,1,50,4,1,1,0,0,0,0,0,0,1,1,1,1,0,0,1,1,1,1,1,1,4,0,0,0,0,0,0,1,1,1,1,1,1,1,1,1,1,1,1,0,0,6.0,6.0,6,6,0,0,4,4,2,2,6,6,0,0,4,4,2,2,5,5,1,1
1,1,2,4,4,1,1,4,1,1,1,2,3,2,2,2,3,3,5,4,3,3,1,22,4,1,1,0,0,0,0,0,0,1,1,0,0,0,0,0,0,0,0,1,1,2,0,0,0,0,0,0,1,1,1,1,0,0,1,1,0,0,0,0,0,0,3.0,3.0,3,3,0,0,1,1,2,2,3,3,0,0,2,2,1,1,3,3,0,0
1,1,2,4,1,4,1,2,1,1,3,3,1,3,3,3,3,3,5,3,3,2,2,53,3,1,1,0,0,1,1,0,0,1,1,1,1,1,1,0,0,0,0,1,1,3,0,0,0,0,1,1,1,1,1,1,1,1,0,0,0,0,0,0,0,0,4.0,4.0,3,3,1,1,3,3,1,1,3,3,1,1,4,4,0,0,4,4,0,0
1,2,2,4,4,4,3,3,1,1,1,2,2,2,4,4,4,2,2,3,4,4,2,22,4,1,1,0,0,1,0,0,0,1,1,1,1,0,0,1,1,1,1,1,1,3,0,0,0,0,1,0,1,1,1,1,1,1,1,1,1,1,1,1,0,0,7.0,6.0,6,6,1,0,5,4,2,2,6,6,1,0,5,4,2,2,6,5,1,1
1,1,2,4,4,4,3,3,1,4,1,2,2,2,4,4,3,3,3,4,5,3,2,50,6,1,1,0,0,0,0,0,0,1,1,1,1,0,0,1,1,0,0,1,1,1,0,0,0,0,0,0,1,1,1,1,1,1,1,1,1,1,0,0,0,0,5.0,5.0,5,5,0,0,3,3,2,2,5,5,0,0,4,4,1,1,5,5,0,0
1,1,2,4,4,4,3,1,2,1,1,2,2,2,4,4,3,3,4,4,5,4,2,29,7,1,1,0,0,0,0,0,0,1,1,1,1,1,1,1,1,0,0,1,1,2,0,0,0,0,0,0,1,1,1,1,1,1,0,0,1,1,0,0,0,0,4.0,4.0,4,4,0,0,3,3,1,1,4,4,0,0,4,4,0,0,4,4,0,0
1,1,2,4,3,4,1,2,1,1,1,2,2,2,3,3,4,2,4,5,4,2,2,42,3,1,1,1,0,1,1,0,0,1,1,1,1,1,1,0,0,0,0,0,0,2,0,0,1,0,1,1,1,1,1,1,1,1,0,0,0,0,0,0,1,1,6.0,5.0,3,3,3,2,4,3,2,2,4,3,2,2,5,4,1,1,5,4,1,1
1,1,2,2,4,1,3,1,1,2,2,1,4,1,5,4,4,2,3,3,5,5,1,44,4,1,1,0,0,1,1,1,1,1,1,1,1,0,0,1,1,0,0,1,1,3,0,0,0,0,1,1,0,0,1,1,1,1,1,1,1,1,0,0,0,0,5.0,5.0,4,4,1,1,4,4,1,1,4,4,1,1,4,4,1,1,5,5,0,0
1,1,2,4,2,3,2,2,1,4,1,2,2,2,2,2,4,2,3,4,3,2,2,43,6,1,1,0,0,0,0,0,0,1,1,0,0,1,1,0,0,1,1,0,0,1,0,0,0,0,0,0,1,1,1,1,0,0,0,0,0,0,1,1,1,1,4.0,4.0,3,3,1,1,2,2,2,2,3,3,1,1,2,2,2,2,2,2,2,2
1,2,2,4,4,4,2,1,1,2,3,2,2,2,4,4,4,2,3,4,5,4,2,43,3,1,1,0,0,0,0,0,0,1,1,1,1,0,0,1,1,1,1,1,1,2,0,0,0,0,0,0,1,1,1,1,1,1,1,1,1,1,1,1,0,0,6.0,6.0,6,6,0,0,4,4,2,2,6,6,0,0,4,4,2,2,5,5,1,1
1,1,2,4,4,3,3,1,4,1,3,2,2,2,3,3,4,2,2,3,4,3,1,50,6,1,1,0,0,1,1,0,0,1,1,1,1,0,0,1,1,1,1,1,1,3,0,0,0,0,1,1,1,1,1,1,1,1,1,1,1,1,1,1,0,0,7.0,7.0,6,6,1,1,5,5,2,2,6,6,1,1,5,5,2,2,6,6,1,1
1,1,2,3,4,1,1,2,4,4,3,4,3,1,4,4,4,2,4,5,5,4,2,53,4,1,1,0,0,0,0,0,0,1,1,1,1,0,0,1,1,0,0,1,1,4,0,0,0,0,0,0,1,1,1,1,1,1,1,1,1,1,0,0,0,0,5.0,5.0,5,5,0,0,3,3,2,2,5,5,0,0,4,4,1,1,5,5,0,0
2,2,2,3,4,4,1,3,2,1,3,1,2,4,1,1,5,1,1,1,1,1,1,29,6,0,0,0,0,1,0,0,0,1,1,1,1,0,0,0,0,1,1,1,1,3,1,1,0,0,1,0,1,1,1,1,1,1,1,1,0,0,1,1,0,0,7.0,6.0,5,5,2,1,4,3,3,3,6,6,1,0,4,3,3,3,6,5,1,1
1,1,2,4,3,4,1,2,2,4,2,1,1,3,4,4,3,3,2,3,4,4,2,40,5,1,1,0,0,0,0,0,0,1,1,1,1,0,0,0,0,1,1,1,1,1,0,0,0,0,0,0,1,1,1,1,1,1,1,1,0,0,1,1,0,0,5.0,5.0,5,5,0,0,3,3,2,2,5,5,0,0,3,3,2,2,4,4,1,1
1,2,2,4,4,2,3,4,2,1,3,4,3,1,5,5,4,2,2,2,5,5,2,51,3,1,1,0,0,0,0,0,0,1,1,1,1,0,0,1,0,1,1,1,1,2,0,0,0,0,0,0,1,1,1,1,1,1,1,1,1,0,1,1,0,0,6.0,5.0,6,5,0,0,4,3,2,2,6,5,0,0,4,3,2,2,5,4,1,1
1,1,2,4,3,4,1,3,2,1,1,2,2,2,2,2,3,3,4,4,3,3,1,52,6,1,1,1,1,0,0,0,0,1,1,0,0,0,0,0,0,1,1,1,1,4,0,0,1,1,0,0,1,1,1,1,0,0,1,1,0,0,1,1,0,0,5.0,5.0,4,4,1,1,3,3,2,2,5,5,0,0,3,3,2,2,4,4,1,1
1,1,2,4,2,2,3,2,1,1,2,2,2,2,4,3,4,2,3,4,4,4,2,40,6,1,1,1,0,1,1,0,0,1,1,1,1,0,0,0,0,1,0,1,0,3,0,0,1,0,1,1,1,1,1,1,1,1,1,1,0,0,1,0,0,1,7.0,6.0,5,4,2,2,5,3,2,3,6,4,1,2,5,4,2,2,6,5,1,1
2,2,2,3,2,4,3,3,1,1,1,2,3,1,4,2,4,2,3,4,4,1,2,42,3,1,1,0,0,0,0,0,0,1,1,1,0,0,0,1,1,1,1,1,1,4,0,0,0,0,0,0,1,1,1,1,1,0,1,1,1,1,1,1,0,0,6.0,5.0,6,5,0,0,4,3,2,2,6,5,0,0,4,3,2,2,5,4,1,1
1,1,2,4,4,2,1,3,1,1,1,2,2,4,3,3,5,1,1,2,4,3,2,53,4,1,1,0,0,0,0,0,0,1,1,1,1,1,0,0,0,1,1,0,0,1,0,0,0,0,0,0,1,1,1,1,1,1,0,1,0,0,1,1,1,1,5.0,6.0,4,5,1,1,3,3,2,3,4,5,1,1,3,3,2,3,3,4,2,2
1,1,2,4,1,1,1,3,1,3,2,2,2,2,4,4,4,2,2,4,4,3,2,32,2,1,1,0,0,0,0,0,0,1,1,1,1,0,0,1,0,1,0,1,1,2,0,0,0,0,0,0,1,1,1,1,1,1,1,1,1,0,1,0,0,0,6.0,4.0,6,4,0,0,4,2,2,2,6,4,0,0,4,3,2,1,5,4,1,0
1,1,2,4,4,4,1,3,4,1,1,2,2,2,4,4,4,2,4,4,4,4,1,24,4,1,1,0,0,0,0,0,0,1,1,1,1,0,0,1,1,1,0,1,1,2,0,0,0,0,0,0,1,1,1,1,1,1,1,1,1,1,1,0,0,0,6.0,5.0,6,5,0,0,4,3,2,2,6,5,0,0,4,4,2,1,5,5,1,0
1,1,2,4,4,4,3,2,1,1,2,2,1,2,4,4,5,1,1,2,5,4,2,27,6,1,1,0,0,0,0,0,0,1,1,1,1,0,0,1,0,1,1,1,1,4,0,0,0,0,0,0,1,1,1,1,1,1,1,1,1,0,1,1,0,0,6.0,5.0,6,5,0,0,4,3,2,2,6,5,0,0,4,3,2,2,5,4,1,1
1,1,2,1,3,2,1,2,1,1,3,2,3,2,4,4,5,1,3,4,4,4,2,52,3,1,1,1,1,0,0,0,0,1,1,0,0,1,1,0,0,0,0,0,0,1,0,0,1,1,0,0,1,1,1,1,0,0,0,0,0,0,0,0,1,1,4.0,4.0,2,2,2,2,2,2,2,2,3,3,1,1,3,3,1,1,3,3,1,1
1,2,2,3,1,1,3,4,1,3,3,4,2,1,4,4,4,2,3,2,4,4,1,40,4,1,1,0,0,0,0,0,0,1,1,1,1,0,0,1,0,0,0,1,1,2,0,0,0,0,0,0,1,1,1,1,1,1,1,1,1,0,0,0,0,0,5.0,4.0,5,4,0,0,3,2,2,2,5,4,0,0,4,3,1,1,5,4,0,0
1,1,1,2,1,2,3,4,4,2,1,2,2,2,3,4,4,2,3,4,4,4,2,33,4,1,1,0,0,0,0,1,1,1,1,1,1,1,0,0,0,0,1,1,1,4,0,0,0,0,0,0,0,0,1,1,1,1,0,1,0,0,0,1,0,0,2.0,4.0,2,4,0,0,2,3,0,1,2,4,0,0,2,2,0,2,2,3,0,1
1,1,2,4,1,3,3,3,1,1,4,2,2,2,5,4,4,2,4,4,5,5,1,23,4,1,1,0,0,1,1,0,0,1,1,1,1,0,0,1,1,1,1,1,1,3,0,0,0,0,1,1,1,1,1,1,1,1,1,1,1,1,1,1,0,0,7.0,7.0,6,6,1,1,5,5,2,2,6,6,1,1,5,5,2,2,6,6,1,1
1,1,2,4,4,1,1,3,1,2,2,3,4,4,4,4,5,1,4,4,5,4,2,32,4,0,1,0,0,0,0,0,0,1,1,0,0,1,1,0,0,1,1,1,1,2,1,0,0,0,0,0,1,1,1,1,0,0,0,0,0,0,1,1,0,0,4.0,3.0,3,3,1,0,2,2,2,1,4,3,0,0,2,2,2,1,3,2,1,1
1,1,2,4,3,1,1,3,1,1,2,2,3,2,4,3,5,1,1,2,4,3,1,40,4,1,1,0,0,0,0,0,0,1,1,1,1,0,0,0,0,0,0,1,1,4,0,0,0,0,0,0,1,1,1,1,1,1,1,1,0,0,0,0,0,0,4.0,4.0,4,4,0,0,2,2,2,2,4,4,0,0,3,3,1,1,4,4,0,0
1,1,2,4,3,4,1,3,4,3,3,2,2,1,5,4,2,4,3,2,4,3,1,26,4,1,1,0,0,0,0,0,0,1,1,1,1,0,0,1,1,1,0,1,1,1,0,0,0,0,0,0,1,1,1,1,1,1,1,1,1,1,1,0,0,0,6.0,5.0,6,5,0,0,4,3,2,2,6,5,0,0,4,4,2,1,5,5,1,0
1,1,2,4,1,1,3,4,1,1,1,2,2,2,4,4,4,2,3,4,4,4,2,28,7,1,1,0,0,0,0,0,0,1,1,1,1,0,0,1,1,0,0,1,1,3,0,0,0,0,0,0,1,1,1,1,1,1,1,1,1,1,0,0,0,0,5.0,5.0,5,5,0,0,3,3,2,2,5,5,0,0,4,4,1,1,5,5,0,0
1,2,2,4,2,1,3,3,1,1,3,2,2,1,2,2,2,4,2,2,4,3,1,34,4,1,1,0,0,0,0,0,0,1,1,1,1,0,0,1,1,1,1,1,1,4,0,0,0,0,0,0,1,1,1,1,1,1,1,1,1,1,1,1,0,0,6.0,6.0,6,6,0,0,4,4,2,2,6,6,0,0,4,4,2,2,5,5,1,1
1,1,2,4,3,4,1,3,1,1,1,4,2,2,5,5,4,2,4,4,5,5,1,53,3,1,1,1,0,0,0,0,0,1,1,0,0,0,0,0,0,1,1,1,1,3,0,0,1,0,0,0,1,1,1,1,0,0,1,1,0,0,1,1,0,0,5.0,4.0,4,4,1,0,3,2,2,2,5,4,0,0,3,2,2,2,4,3,1,1
1,1,2,4,3,4,3,3,1,1,3,2,3,2,4,4,4,2,4,4,4,3,1,21,4,1,1,0,0,0,0,0,0,1,1,1,1,0,0,1,0,1,1,1,1,1,0,0,0,0,0,0,1,1,1,1,1,1,1,1,1,0,1,1,0,0,6.0,5.0,6,5,0,0,4,3,2,2,6,5,0,0,4,3,2,2,5,4,1,1
1,1,2,4,3,1,3,4,2,1,2,2,3,4,3,2,4,2,1,4,4,3,2,40,5,1,1,0,0,0,0,0,0,1,0,1,1,0,0,1,0,0,0,1,1,2,0,0,0,0,0,0,1,1,1,0,1,1,1,1,1,0,0,0,0,0,5.0,3.0,5,3,0,0,3,1,2,2,5,3,0,0,4,2,1,1,5,3,0,0
1,1,2,4,1,4,3,2,2,1,1,2,2,2,3,3,5,1,1,3,3,3,2,52,3,1,1,1,0,0,0,0,0,1,1,0,0,1,1,0,0,0,0,0,0,2,0,0,1,0,0,0,1,1,1,1,0,0,0,0,0,0,0,0,1,1,4.0,3.0,2,2,2,1,2,1,2,2,3,2,1,1,3,2,1,1,3,2,1,1
1,1,2,4,3,4,3,3,2,1,2,2,2,2,4,4,4,2,3,3,5,5,2,41,5,1,1,1,1,0,0,0,0,1,1,0,0,0,0,0,0,0,0,1,1,3,0,0,1,1,0,0,1,1,1,1,0,0,1,1,0,0,0,0,0,0,4.0,4.0,3,3,1,1,2,2,2,2,4,4,0,0,3,3,1,1,4,4,0,0
1,1,2,4,4,4,4,2,1,1,2,2,3,1,3,3,4,2,2,3,4,1,1,77,4,1,1,0,0,0,0,0,0,1,1,1,0,1,1,0,0,0,0,1,1,1,0,0,0,0,0,0,1,1,1,1,1,0,0,0,0,0,0,0,0,0,3.0,2.0,3,2,0,0,2,1,1,1,3,2,0,0,3,2,0,0,3,2,0,0
1,2,2,4,2,4,1,2,1,3,1,2,2,2,3,3,5,1,1,3,4,3,2,53,6,0,0,0,0,0,0,0,0,1,1,0,0,0,0,0,0,1,1,1,1,4,1,1,0,0,0,0,1,1,1,1,0,0,1,1,0,0,1,1,0,0,5.0,5.0,4,4,1,1,2,2,3,3,5,5,0,0,2,2,3,3,4,4,1,1
1,1,2,4,4,3,4,1,1,4,3,3,1,4,4,4,4,2,2,3,4,3,2,55,6,1,1,1,1,0,0,0,0,1,1,1,1,1,1,0,0,0,0,0,0,3,0,0,1,1,0,0,1,1,1,1,1,1,0,0,0,0,0,0,1,1,5.0,5.0,3,3,2,2,3,3,2,2,4,4,1,1,4,4,1,1,4,4,1,1
1,1,2,4,3,4,3,3,1,1,3,2,3,2,3,3,2,4,3,3,5,4,1,29,5,1,1,0,0,0,0,0,0,1,1,1,1,0,0,1,0,1,0,1,1,2,0,0,0,0,0,0,1,1,1,1,1,1,1,1,1,0,1,0,0,0,6.0,4.0,6,4,0,0,4,2,2,2,6,4,0,0,4,3,2,1,5,4,1,0
1,1,1,4,3,4,1,3,1,3,2,3,2,1,3,3,5,1,2,2,5,2,2,68,3,1,1,0,0,1,1,0,0,1,1,1,1,0,0,0,0,0,0,1,1,4,0,0,0,0,1,1,1,1,1,1,1,1,1,1,0,0,0,0,0,0,5.0,5.0,4,4,1,1,3,3,2,2,4,4,1,1,4,4,1,1,5,5,0,0
1,1,2,1,3,1,3,1,2,1,3,4,2,4,4,5,4,2,3,2,5,4,1,56,3,1,1,0,0,0,0,0,0,1,1,1,1,1,1,0,0,1,1,1,1,1,0,0,0,0,0,0,1,1,1,1,1,1,0,0,0,0,1,1,0,0,4.0,4.0,4,4,0,0,3,3,1,1,4,4,0,0,3,3,1,1,3,3,1,1
1,1,2,4,3,1,3,3,2,1,1,3,2,2,2,2,2,4,4,4,3,1,1,32,6,1,1,1,0,0,0,0,0,1,1,1,0,1,1,1,0,0,0,1,0,3,0,0,1,0,0,0,1,1,1,1,1,0,0,0,1,0,0,0,0,1,5.0,3.0,4,2,1,1,4,1,1,2,5,2,0,1,5,2,0,1,5,2,0,1
1,1,2,4,2,1,3,3,1,1,1,2,2,2,2,2,4,2,3,3,3,2,1,47,3,1,1,1,1,0,0,0,0,1,1,1,1,1,1,0,0,1,1,0,0,2,0,0,1,1,0,0,1,1,1,1,1,1,0,0,0,0,1,1,1,1,6.0,6.0,4,4,2,2,4,4,2,2,5,5,1,1,4,4,2,2,4,4,2,2
1,1,2,4,3,4,1,2,1,1,1,2,2,2,3,2,3,3,4,4,3,2,2,61,3,1,0,0,0,0,0,0,0,1,1,1,1,1,1,1,0,0,0,0,0,4,0,1,0,0,0,0,1,1,1,1,1,1,0,0,1,0,0,0,1,1,5.0,5.0,4,3,1,2,3,2,2,3,4,4,1,1,4,3,1,2,4,4,1,1
1,1,2,2,1,4,1,3,1,1,2,1,2,1,2,2,5,1,1,3,4,3,2,68,3,1,1,0,0,0,0,0,0,1,1,1,1,1,1,0,0,1,1,1,1,3,0,0,0,0,0,0,1,1,1,1,1,1,0,0,0,0,1,1,0,0,4.0,4.0,4,4,0,0,3,3,1,1,4,4,0,0,3,3,1,1,3,3,1,1
1,1,2,4,1,2,1,3,1,3,2,2,3,2,4,4,3,3,4,4,5,4,2,43,3,1,1,0,0,1,1,0,0,1,1,1,1,1,1,0,0,1,1,0,0,1,0,0,0,0,1,1,1,1,1,1,1,1,0,0,0,0,1,1,1,1,6.0,6.0,4,4,2,2,4,4,2,2,4,4,2,2,4,4,2,2,4,4,2,2
1,2,2,4,4,4,3,3,1,1,2,2,2,2,3,3,4,2,3,4,3,3,1,52,3,1,1,0,0,0,0,1,1,0,0,1,1,0,0,0,0,1,1,1,1,1,0,0,0,0,0,0,0,0,0,0,1,1,1,1,0,0,1,1,0,0,3.0,3.0,3,3,0,0,2,2,1,1,3,3,0,0,1,1,2,2,2,2,1,1
1,1,2,4,1,2,1,3,1,1,3,2,2,2,4,4,4,2,4,4,5,4,1,28,5,1,1,0,0,0,0,0,0,1,1,1,1,0,0,1,1,0,0,1,1,2,0,0,0,0,0,0,1,1,1,1,1,1,1,1,1,1,0,0,0,0,5.0,5.0,5,5,0,0,3,3,2,2,5,5,0,0,4,4,1,1,5,5,0,0
1,1,2,4,3,4,3,3,1,1,3,4,3,2,3,3,4,2,3,2,5,2,1,75,4,1,1,0,0,0,0,0,0,1,1,0,0,0,0,1,1,0,0,1,1,4,0,0,0,0,0,0,1,1,1,1,0,0,1,1,1,1,0,0,0,0,4.0,4.0,4,4,0,0,2,2,2,2,4,4,0,0,3,3,1,1,4,4,0,0
1,1,2,4,3,4,1,3,2,1,1,2,2,2,3,2,2,4,4,4,3,3,1,31,6,1,1,0,0,0,0,0,0,1,1,1,1,1,1,1,1,0,0,0,0,3,0,0,0,0,0,0,1,1,1,1,1,1,0,0,1,1,0,0,1,1,5.0,5.0,4,4,1,1,3,3,2,2,4,4,1,1,4,4,1,1,4,4,1,1
1,1,2,4,3,4,1,2,1,3,3,2,2,2,4,4,4,2,3,5,4,3,2,51,3,1,1,1,1,0,0,0,0,1,1,1,1,0,0,0,0,1,1,1,1,2,0,0,1,1,0,0,1,1,1,1,1,1,1,1,0,0,1,1,0,0,6.0,6.0,5,5,1,1,4,4,2,2,6,6,0,0,4,4,2,2,5,5,1,1
1,1,2,4,3,4,1,2,2,1,1,2,2,2,3,2,5,1,1,3,3,4,1,53,5,1,0,0,0,0,0,0,0,1,1,1,0,0,0,0,0,0,0,1,1,3,0,1,0,0,0,0,1,1,1,1,1,0,1,1,0,0,0,0,0,0,4.0,4.0,4,3,0,1,2,1,2,3,4,4,0,0,3,2,1,2,4,4,0,0
1,1,2,4,3,4,3,2,3,1,3,3,2,1,4,3,5,1,1,3,4,4,1,41,4,1,1,0,0,0,0,0,0,1,1,1,1,0,0,1,1,0,0,1,1,1,0,0,0,0,0,0,1,1,1,1,1,1,1,1,1,1,0,0,0,0,5.0,5.0,5,5,0,0,3,3,2,2,5,5,0,0,4,4,1,1,5,5,0,0
1,1,2,4,2,4,1,1,1,2,2,1,2,2,5,5,4,2,4,4,5,5,2,55,3,1,1,0,0,1,1,0,0,1,1,1,1,0,0,1,1,1,1,1,1,3,0,0,0,0,1,1,1,1,1,1,1,1,1,1,1,1,1,1,0,0,7.0,7.0,6,6,1,1,5,5,2,2,6,6,1,1,5,5,2,2,6,6,1,1
1,1,2,4,1,1,2,2,2,3,2,2,2,2,5,4,3,3,2,2,5,4,2,37,3,1,1,0,0,0,0,0,0,1,1,1,1,0,0,1,1,0,0,1,1,4,0,0,0,0,0,0,1,1,1,1,1,1,1,1,1,1,0,0,0,0,5.0,5.0,5,5,0,0,3,3,2,2,5,5,0,0,4,4,1,1,5,5,0,0
1,2,2,4,3,1,3,3,1,1,1,2,2,2,5,5,3,3,4,4,5,5,2,27,5,1,1,0,0,0,0,0,0,1,1,1,1,0,0,1,0,1,0,1,1,1,0,0,0,0,0,0,1,1,1,1,1,1,1,1,1,0,1,0,0,0,6.0,4.0,6,4,0,0,4,2,2,2,6,4,0,0,4,3,2,1,5,4,1,0
1,1,1,4,3,2,3,3,1,1,2,1,2,1,5,5,5,1,4,4,5,5,2,46,2,1,0,0,0,0,0,0,0,1,1,1,1,0,0,1,1,1,0,0,0,2,0,1,0,0,0,0,1,1,1,1,1,1,1,1,1,1,1,0,1,1,7.0,7.0,6,5,1,2,4,3,3,4,6,6,1,1,4,4,3,3,5,6,2,1
2,2,2,4,4,4,1,3,2,2,3,4,4,2,4,3,4,2,2,3,3,3,1,39,5,1,1,0,0,1,1,0,0,1,1,1,1,0,0,1,1,1,1,1,1,3,0,0,0,0,1,1,1,1,1,1,1,1,1,1,1,1,1,1,0,0,7.0,7.0,6,6,1,1,5,5,2,2,6,6,1,1,5,5,2,2,6,6,1,1
1,1,2,4,3,4,1,3,1,1,3,3,3,4,4,4,4,2,3,3,4,1,1,53,3,1,1,0,0,0,0,0,0,1,1,1,0,0,0,1,0,1,0,1,1,4,0,0,0,0,0,0,1,1,1,1,1,0,1,1,1,0,1,0,0,0,6.0,3.0,6,3,0,0,4,1,2,2,6,3,0,0,4,2,2,1,5,3,1,0
1,1,1,4,3,1,4,4,1,4,3,2,2,2,5,5,2,4,5,5,5,5,2,21,4,1,0,0,0,0,0,0,0,1,1,1,1,0,0,1,1,1,0,1,1,1,0,1,0,0,0,0,1,1,1,1,1,1,1,1,1,1,1,0,0,0,6.0,6.0,6,5,0,1,4,3,2,3,6,6,0,0,4,4,2,2,5,6,1,0
1,1,2,4,4,4,1,3,3,1,3,2,3,2,2,2,5,1,2,3,2,1,1,67,4,0,0,0,0,0,0,0,0,1,1,0,0,1,1,0,0,0,0,0,0,2,1,1,0,0,0,0,1,1,1,1,0,0,0,0,0,0,0,0,1,1,4.0,4.0,2,2,2,2,1,1,3,3,3,3,1,1,2,2,2,2,3,3,1,1
1,1,2,4,3,2,1,2,1,3,3,2,2,2,4,4,3,3,3,4,4,3,1,63,4,1,1,0,0,0,0,1,0,1,1,1,1,1,1,1,1,1,1,1,1,1,0,0,0,0,0,0,0,1,1,1,1,1,0,0,1,1,1,1,0,0,4.0,5.0,4,5,0,0,4,4,0,1,4,5,0,0,3,4,1,1,3,4,1,1
1,1,2,4,3,4,1,2,2,1,2,2,3,2,3,3,4,2,3,3,5,3,1,54,6,1,1,1,1,0,0,0,0,1,1,1,1,1,1,1,1,0,0,1,1,4,0,0,1,1,0,0,1,1,1,1,1,1,0,0,1,1,0,0,0,0,5.0,5.0,4,4,1,1,4,4,1,1,5,5,0,0,5,5,0,0,5,5,0,0
1,1,2,4,1,4,4,3,1,1,2,2,3,2,4,3,4,2,3,4,3,2,2,32,6,1,1,1,0,1,1,0,0,1,1,1,1,0,0,1,0,1,0,1,1,2,0,0,1,0,1,1,1,1,1,1,1,1,1,1,1,0,1,0,0,0,8.0,5.0,6,4,2,1,6,3,2,2,7,4,1,1,6,4,2,1,7,5,1,0
1,1,2,4,3,1,3,2,2,1,3,2,2,2,4,4,5,1,4,5,5,5,1,22,5,1,0,0,0,0,0,0,0,1,1,1,1,0,0,1,1,1,0,1,1,4,0,1,0,0,0,0,1,1,1,1,1,1,1,1,1,1,1,0,0,0,6.0,6.0,6,5,0,1,4,3,2,3,6,6,0,0,4,4,2,2,5,6,1,0
1,1,2,4,4,2,3,2,1,1,1,2,2,2,3,3,3,3,3,3,3,3,1,55,3,1,1,0,0,0,0,0,0,1,1,1,1,0,0,1,1,1,1,1,1,3,0,0,0,0,0,0,1,1,1,1,1,1,1,1,1,1,1,1,0,0,6.0,6.0,6,6,0,0,4,4,2,2,6,6,0,0,4,4,2,2,5,5,1,1
1,1,1,4,3,4,1,2,2,1,2,3,3,2,4,4,4,2,3,4,5,5,1,33,4,1,1,0,0,0,0,0,0,1,1,1,1,0,0,1,1,0,0,1,1,3,0,0,0,0,0,0,1,1,1,1,1,1,1,1,1,1,0,0,0,0,5.0,5.0,5,5,0,0,3,3,2,2,5,5,0,0,4,4,1,1,5,5,0,0
1,1,2,4,4,1,1,3,2,3,1,3,1,2,4,4,5,1,1,2,3,3,1,42,5,1,1,1,1,0,0,0,0,1,1,1,1,0,0,1,1,1,1,1,1,4,0,0,1,1,0,0,1,1,1,1,1,1,1,1,1,1,1,1,0,0,7.0,7.0,6,6,1,1,5,5,2,2,7,7,0,0,5,5,2,2,6,6,1,1
1,1,2,4,2,4,1,2,1,3,2,2,3,2,3,3,5,1,3,2,4,2,1,47,4,1,1,0,0,0,0,0,0,1,1,0,1,0,0,1,1,1,1,1,1,1,0,0,0,0,0,0,1,1,1,1,0,1,1,1,1,1,1,1,0,0,5.0,6.0,5,6,0,0,3,4,2,2,5,6,0,0,3,4,2,2,4,5,1,1
1,1,2,4,2,2,3,3,1,3,2,1,2,1,3,3,4,2,4,3,3,2,1,63,3,1,1,0,0,0,0,0,0,1,1,0,0,0,0,0,0,1,1,1,1,2,0,0,0,0,0,0,1,1,1,1,0,0,1,1,0,0,1,1,0,0,4.0,4.0,4,4,0,0,2,2,2,2,4,4,0,0,2,2,2,2,3,3,1,1
1,1,2,4,3,4,1,3,2,1,1,2,2,2,3,2,3,3,3,3,3,3,2,54,6,1,1,1,1,0,0,0,0,1,1,1,1,0,0,1,0,0,0,1,1,3,0,0,1,1,0,0,1,1,1,1,1,1,1,1,1,0,0,0,0,0,6.0,5.0,5,4,1,1,4,3,2,2,6,5,0,0,5,4,1,1,6,5,0,0
1,1,2,4,3,4,3,3,1,1,2,3,2,1,4,4,4,2,4,4,4,4,1,61,2,1,1,0,0,0,0,0,0,1,1,1,1,1,1,1,0,1,0,1,1,1,0,0,0,0,0,0,1,1,1,1,1,1,0,0,1,0,1,0,0,0,5.0,3.0,5,3,0,0,4,2,1,1,5,3,0,0,4,3,1,0,4,3,1,0
1,1,2,4,1,4,3,3,1,1,1,1,2,2,5,5,4,2,3,4,5,5,2,58,3,1,1,0,0,0,0,0,0,1,1,1,1,0,0,1,1,0,0,1,1,3,0,0,0,0,0,0,1,1,1,1,1,1,1,1,1,1,0,0,0,0,5.0,5.0,5,5,0,0,3,3,2,2,5,5,0,0,4,4,1,1,5,5,0,0
1,1,2,4,4,4,3,2,3,1,3,2,4,1,2,2,4,2,3,4,2,1,2,58,2,0,0,0,0,0,0,0,0,1,1,0,0,1,1,0,0,1,1,0,0,2,1,1,0,0,0,0,1,1,1,1,0,0,0,0,0,0,1,1,1,1,5.0,5.0,3,3,2,2,2,2,3,3,4,4,1,1,2,2,3,3,3,3,2,2
1,1,2,4,3,2,3,2,2,1,2,2,2,2,4,4,2,4,4,4,4,4,2,79,4,1,1,0,0,1,1,0,0,1,1,1,1,1,1,0,0,1,1,1,1,4,0,0,0,0,1,1,1,1,1,1,1,1,0,0,0,0,1,1,0,0,5.0,5.0,4,4,1,1,4,4,1,1,4,4,1,1,4,4,1,1,4,4,1,1
1,1,2,4,3,1,1,2,1,1,1,2,2,2,4,4,4,2,4,4,4,4,2,34,4,1,1,0,0,0,0,0,0,1,1,1,1,0,0,1,0,1,1,1,1,1,0,0,0,0,0,0,1,1,1,1,1,1,1,1,1,0,1,1,0,0,6.0,5.0,6,5,0,0,4,3,2,2,6,5,0,0,4,3,2,2,5,4,1,1
1,1,2,4,2,1,1,3,4,1,4,3,3,4,4,4,2,4,4,3,5,5,2,83,3,1,1,1,1,0,0,0,0,1,1,1,1,1,1,0,0,0,0,1,1,2,0,0,1,1,0,0,1,1,1,1,1,1,0,0,0,0,0,0,0,0,4.0,4.0,3,3,1,1,3,3,1,1,4,4,0,0,4,4,0,0,4,4,0,0
1,1,2,4,1,2,1,2,2,4,2,4,4,1,3,4,4,2,3,3,4,3,2,56,3,1,1,0,0,0,0,0,0,1,1,1,1,1,1,0,0,0,0,1,1,2,0,0,0,0,0,0,1,1,1,1,1,1,0,0,0,0,0,0,0,0,3.0,3.0,3,3,0,0,2,2,1,1,3,3,0,0,3,3,0,0,3,3,0,0
1,1,2,4,3,4,1,3,1,1,4,2,1,1,5,4,5,1,2,3,5,5,2,59,3,1,1,0,0,0,0,0,0,1,1,1,1,0,0,0,0,0,0,1,1,1,0,0,0,0,0,0,1,1,1,1,1,1,1,1,0,0,0,0,0,0,4.0,4.0,4,4,0,0,2,2,2,2,4,4,0,0,3,3,1,1,4,4,0,0
1,2,2,4,1,3,1,3,1,1,3,2,2,2,3,3,5,1,3,4,3,3,2,62,3,1,1,1,0,0,0,0,0,1,1,1,1,0,0,0,0,1,0,1,1,3,0,0,1,0,0,0,1,1,1,1,1,1,1,1,0,0,1,0,0,0,6.0,4.0,5,4,1,0,4,2,2,2,6,4,0,0,4,3,2,1,5,4,1,0
1,1,2,4,1,2,2,3,1,1,3,3,2,2,2,3,5,1,4,4,3,2,2,60,4,1,1,0,0,0,0,1,1,0,0,1,1,0,0,1,1,1,1,1,1,3,0,0,0,0,0,0,0,0,0,0,1,1,1,1,1,1,1,1,0,0,4.0,4.0,4,4,0,0,3,3,1,1,4,4,0,0,2,2,2,2,3,3,1,1
1,1,2,4,4,1,3,2,1,2,3,4,3,1,3,2,5,1,2,3,4,1,2,79,5,0,0,0,0,1,1,0,0,0,0,1,1,0,0,0,0,0,0,0,0,1,1,1,0,0,1,1,1,1,0,0,1,1,1,1,0,0,0,0,1,1,6.0,6.0,3,3,3,3,2,2,4,4,4,4,2,2,3,3,3,3,5,5,1,1
1,1,1,4,3,1,2,3,4,1,1,2,3,2,4,3,5,1,3,2,4,4,2,27,4,1,1,0,0,0,0,0,0,1,1,1,1,0,0,1,1,1,0,1,1,2,0,0,0,0,0,0,1,1,1,1,1,1,1,1,1,1,1,0,0,0,6.0,5.0,6,5,0,0,4,3,2,2,6,5,0,0,4,4,2,1,5,5,1,0
1,1,2,4,4,4,1,2,1,1,2,3,4,1,3,3,4,2,3,5,4,3,2,63,3,0,0,0,0,0,0,0,0,1,1,0,0,1,1,0,0,0,0,0,0,4,1,1,0,0,0,0,1,1,1,1,0,0,0,0,0,0,0,0,1,1,4.0,4.0,2,2,2,2,1,1,3,3,3,3,1,1,2,2,2,2,3,3,1,1
1,1,2,3,3,4,1,2,1,2,2,2,1,1,4,4,4,2,3,4,5,4,2,33,2,1,1,0,0,1,1,0,0,1,1,1,1,0,0,1,1,0,0,1,1,1,0,0,0,0,1,1,1,1,1,1,1,1,1,1,1,1,0,0,0,0,6.0,6.0,5,5,1,1,4,4,2,2,5,5,1,1,5,5,1,1,6,6,0,0
1,1,2,4,4,1,1,4,1,1,2,2,2,4,4,4,4,2,4,4,5,4,1,29,6,0,0,0,0,0,0,0,0,1,0,0,0,1,0,0,0,0,0,0,0,4,1,1,0,0,0,0,1,1,1,0,0,0,0,1,0,0,0,0,1,1,4.0,4.0,2,2,2,2,1,0,3,4,3,3,1,1,2,1,2,3,3,3,1,1
1,1,1,4,4,2,3,2,1,1,1,2,2,2,3,3,4,2,2,3,3,4,2,61,4,0,0,0,0,0,0,0,0,1,1,1,1,0,0,1,1,1,0,1,1,2,1,1,0,0,0,0,1,1,1,1,1,1,1,1,1,1,1,0,0,0,7.0,6.0,6,5,1,1,4,3,3,3,7,6,0,0,4,4,3,2,6,6,1,0
1,1,2,4,4,4,2,1,1,3,4,2,3,1,4,4,4,2,4,4,5,3,2,65,3,1,1,1,1,0,0,1,1,1,1,1,1,1,1,0,0,1,1,1,1,3,0,0,1,1,0,0,0,0,1,1,1,1,0,0,0,0,1,1,0,0,4.0,4.0,3,3,1,1,4,4,0,0,4,4,0,0,3,3,1,1,3,3,1,1
1,1,2,4,3,4,1,3,1,1,3,2,3,1,4,4,4,2,4,4,5,5,1,44,6,1,1,0,0,0,0,0,0,1,1,1,0,0,0,1,1,0,0,1,1,4,0,0,0,0,0,0,1,1,1,1,1,0,1,1,1,1,0,0,0,0,5.0,4.0,5,4,0,0,3,2,2,2,5,4,0,0,4,3,1,1,5,4,0,0
1,1,2,4,1,4,1,3,1,1,1,2,2,2,2,2,4,2,2,2,3,1,2,42,6,1,1,0,0,0,0,0,0,1,0,0,0,1,1,0,0,0,0,0,0,1,0,0,0,0,0,0,1,1,1,0,0,0,0,0,0,0,0,0,1,1,3.0,2.0,2,1,1,1,1,0,2,2,2,1,1,1,2,1,1,1,2,1,1,1
1,1,2,4,2,1,3,2,3,3,3,3,4,2,4,4,4,2,3,3,4,4,2,43,3,1,1,0,0,0,0,0,0,0,0,1,1,0,0,1,1,1,1,1,1,3,0,0,0,0,0,0,1,1,0,0,1,1,1,1,1,1,1,1,0,0,5.0,5.0,5,5,0,0,3,3,2,2,5,5,0,0,3,3,2,2,4,4,1,1
1,1,2,4,1,1,1,2,1,3,1,1,3,2,4,4,5,1,3,3,4,3,2,23,4,1,1,0,0,0,0,0,0,1,0,1,1,0,0,1,1,1,0,1,1,1,0,0,0,0,0,0,1,1,1,0,1,1,1,1,1,1,1,0,0,0,6.0,4.0,6,4,0,0,4,2,2,2,6,4,0,0,4,3,2,1,5,4,1,0
1,1,2,4,4,4,3,3,1,1,2,2,2,2,3,3,4,2,3,3,3,3,2,63,3,0,0,0,0,0,0,0,0,1,1,1,1,0,0,0,0,1,1,1,1,4,1,1,0,0,0,0,1,1,1,1,1,1,1,1,0,0,1,1,0,0,6.0,6.0,5,5,1,1,3,3,3,3,6,6,0,0,3,3,3,3,5,5,1,1
1,1,2,4,4,2,1,2,1,1,1,2,2,2,3,3,5,1,2,3,5,4,2,45,3,1,1,0,0,0,0,0,0,1,1,1,1,0,0,0,0,1,1,1,1,2,0,0,0,0,0,0,1,1,1,1,1,1,1,1,0,0,1,1,0,0,5.0,5.0,5,5,0,0,3,3,2,2,5,5,0,0,3,3,2,2,4,4,1,1
1,1,2,2,4,4,1,2,1,1,4,3,2,2,4,4,4,2,3,3,4,4,2,59,3,0,0,0,0,0,0,0,0,1,1,0,0,0,0,0,0,1,1,1,1,4,1,1,0,0,0,0,1,1,1,1,0,0,1,1,0,0,1,1,0,0,5.0,5.0,4,4,1,1,2,2,3,3,5,5,0,0,2,2,3,3,4,4,1,1
1,1,2,4,3,1,1,3,1,2,1,2,3,2,2,2,3,3,2,2,4,4,2,30,5,0,0,1,1,1,1,0,0,1,1,1,1,1,1,1,1,1,1,1,1,3,1,1,1,1,1,1,1,1,1,1,1,1,0,0,1,1,1,1,0,0,8.0,8.0,5,5,3,3,6,6,2,2,7,7,1,1,6,6,2,2,7,7,1,1
1,1,1,4,3,4,1,3,1,2,2,2,2,2,4,4,3,3,4,4,4,4,2,71,3,1,1,1,1,0,0,0,0,1,1,1,1,1,1,0,0,0,0,1,1,2,0,0,1,1,0,0,1,1,1,1,1,1,0,0,0,0,0,0,0,0,4.0,4.0,3,3,1,1,3,3,1,1,4,4,0,0,4,4,0,0,4,4,0,0
1,2,2,4,4,3,4,4,1,1,1,2,2,1,3,4,3,3,3,3,4,4,2,33,3,0,1,0,0,0,0,0,0,0,1,1,1,0,0,1,1,0,0,1,1,1,1,0,0,0,0,0,1,1,0,1,1,1,1,1,1,1,0,0,0,0,5.0,5.0,4,5,1,0,2,3,3,2,5,5,0,0,3,4,2,1,5,5,0,0
1,2,2,4,3,3,2,4,1,1,1,2,2,2,4,4,4,2,3,5,4,4,2,25,5,1,1,0,0,0,0,0,0,1,1,1,1,0,0,1,1,0,0,0,0,4,0,0,0,0,0,0,1,1,1,1,1,1,1,1,1,1,0,0,1,1,6.0,6.0,5,5,1,1,3,3,3,3,5,5,1,1,4,4,2,2,5,5,1,1
1,2,2,4,3,4,2,1,3,1,2,2,2,1,4,4,3,3,2,2,4,4,2,43,3,1,1,0,0,0,0,0,0,1,1,1,1,0,0,1,1,1,1,1,1,2,0,0,0,0,0,0,1,1,1,1,1,1,1,1,1,1,1,1,0,0,6.0,6.0,6,6,0,0,4,4,2,2,6,6,0,0,4,4,2,2,5,5,1,1
1,1,1,4,3,4,1,3,2,1,3,2,2,2,4,4,3,3,4,4,4,4,1,47,3,1,1,0,0,0,0,0,0,1,1,1,0,1,1,1,1,0,0,1,1,3,0,0,0,0,0,0,1,1,1,1,1,0,0,0,1,1,0,0,0,0,4.0,3.0,4,3,0,0,3,2,1,1,4,3,0,0,4,3,0,0,4,3,0,0
1,1,2,4,4,4,3,4,3,3,3,2,2,1,4,4,4,2,3,4,5,5,2,47,3,1,1,0,0,0,0,0,0,1,1,1,1,0,0,1,1,1,1,1,1,2,0,0,0,0,0,0,1,1,1,1,1,1,1,1,1,1,1,1,0,0,6.0,6.0,6,6,0,0,4,4,2,2,6,6,0,0,4,4,2,2,5,5,1,1
1,1,2,4,2,4,3,2,1,1,2,4,2,1,4,4,4,2,2,3,4,3,1,70,3,0,0,0,0,0,0,0,0,1,1,1,1,1,1,1,0,1,1,1,1,4,1,1,0,0,0,0,1,1,1,1,1,1,0,0,1,0,1,1,0,0,6.0,5.0,5,4,1,1,4,3,2,2,6,5,0,0,4,3,2,2,5,4,1,1
1,1,2,4,1,1,3,2,1,3,1,2,2,2,4,4,4,2,3,4,4,3,1,45,4,1,1,0,0,0,0,1,1,1,1,1,1,1,1,0,0,1,1,0,0,1,0,0,0,0,0,0,0,0,1,1,1,1,0,0,0,0,1,1,1,1,4.0,4.0,3,3,1,1,3,3,1,1,3,3,1,1,2,2,2,2,2,2,2,2
1,2,2,4,1,2,1,3,1,1,3,1,2,1,3,3,5,1,1,3,2,1,2,59,5,1,0,0,0,0,0,0,0,1,1,1,0,0,0,1,1,1,0,1,1,3,0,1,0,0,0,0,1,1,1,1,1,0,1,1,1,1,1,0,0,0,6.0,5.0,6,4,0,1,4,2,2,3,6,5,0,0,4,3,2,2,5,5,1,0
1,1,2,4,4,4,1,3,1,1,4,1,1,2,3,3,4,2,3,3,3,2,2,56,3,1,1,0,0,0,0,0,0,1,1,1,1,0,0,0,0,0,0,1,1,2,0,0,0,0,0,0,1,1,1,1,1,1,1,1,0,0,0,0,0,0,4.0,4.0,4,4,0,0,2,2,2,2,4,4,0,0,3,3,1,1,4,4,0,0
1,1,2,4,4,2,3,3,1,1,1,3,2,2,2,2,4,2,2,3,3,2,2,38,4,1,1,0,0,0,0,0,0,1,1,1,1,0,0,0,1,0,0,1,1,4,0,0,0,0,0,0,1,1,1,1,1,1,1,1,0,1,0,0,0,0,4.0,5.0,4,5,0,0,2,3,2,2,4,5,0,0,3,4,1,1,4,5,0,0
1,1,1,4,3,2,1,3,1,1,1,3,2,2,4,3,3,3,3,3,4,4,1,32,6,1,1,0,0,0,0,0,0,1,1,1,1,0,0,1,1,0,0,1,1,1,0,0,0,0,0,0,1,1,1,1,1,1,1,1,1,1,0,0,0,0,5.0,5.0,5,5,0,0,3,3,2,2,5,5,0,0,4,4,1,1,5,5,0,0
1,1,2,4,1,4,1,2,3,2,2,2,2,2,2,2,5,1,3,2,2,1,2,46,4,1,1,0,0,0,0,0,0,1,1,1,1,0,0,0,0,1,1,1,1,1,0,0,0,0,0,0,1,1,1,1,1,1,1,1,0,0,1,1,0,0,5.0,5.0,5,5,0,0,3,3,2,2,5,5,0,0,3,3,2,2,4,4,1,1
1,1,2,4,3,1,1,3,1,3,1,2,2,1,3,3,4,2,3,4,4,2,1,44,3,1,0,0,0,0,0,0,0,1,1,1,0,0,0,1,0,1,0,1,1,4,0,1,0,0,0,0,1,1,1,1,1,0,1,1,1,0,1,0,0,0,6.0,4.0,6,3,0,1,4,1,2,3,6,4,0,0,4,2,2,2,5,4,1,0
1,1,2,4,3,4,2,3,2,3,1,3,2,1,4,4,5,1,1,2,5,3,1,58,4,1,1,0,0,1,1,0,0,1,1,0,0,1,1,0,0,0,0,1,1,3,0,0,0,0,1,1,1,1,1,1,0,0,0,0,0,0,0,0,0,0,3.0,3.0,2,2,1,1,2,2,1,1,2,2,1,1,3,3,0,0,3,3,0,0
1,1,2,4,2,4,2,3,1,1,3,3,2,2,4,4,5,1,3,4,4,3,2,56,4,1,1,0,0,0,0,0,0,1,1,0,0,0,0,0,0,0,0,1,1,2,0,0,0,0,0,0,1,1,1,1,0,0,1,1,0,0,0,0,0,0,3.0,3.0,3,3,0,0,1,1,2,2,3,3,0,0,2,2,1,1,3,3,0,0
1,1,2,2,4,1,3,3,1,1,2,2,2,2,3,3,3,3,3,3,4,3,1,40,4,1,1,0,0,0,0,0,0,1,1,1,1,1,1,0,0,0,0,1,1,1,0,0,0,0,0,0,1,1,1,1,1,1,0,0,0,0,0,0,0,0,3.0,3.0,3,3,0,0,2,2,1,1,3,3,0,0,3,3,0,0,3,3,0,0
1,1,2,4,1,4,3,2,1,2,2,4,2,1,4,4,4,2,4,4,4,4,2,50,3,1,1,0,0,0,0,0,0,1,1,1,1,0,0,1,1,1,1,1,1,2,0,0,0,0,0,0,1,1,1,1,1,1,1,1,1,1,1,1,0,0,6.0,6.0,6,6,0,0,4,4,2,2,6,6,0,0,4,4,2,2,5,5,1,1
1,1,2,4,3,4,1,3,2,3,2,2,4,3,4,4,5,1,3,4,5,3,1,55,3,1,1,0,0,1,0,0,0,1,1,0,0,0,0,1,1,1,1,1,1,4,0,0,0,0,1,0,1,1,1,1,0,0,1,1,1,1,1,1,0,0,6.0,5.0,5,5,1,0,4,3,2,2,5,5,1,0,4,3,2,2,5,4,1,1
1,1,2,4,1,4,1,3,2,1,2,2,2,2,4,4,4,2,3,4,4,4,2,66,3,1,1,1,1,0,0,0,0,1,1,1,1,0,0,0,0,1,0,1,1,3,0,0,1,1,0,0,1,1,1,1,1,1,1,1,0,0,1,0,0,0,6.0,5.0,5,4,1,1,4,3,2,2,6,5,0,0,4,4,2,1,5,5,1,0
1,1,2,3,2,1,3,4,3,1,1,2,2,2,4,4,4,2,4,3,4,4,2,42,4,1,1,0,0,0,0,0,1,0,0,1,1,0,0,1,1,1,1,0,0,1,0,0,0,0,0,0,1,0,0,0,1,1,1,1,1,1,1,1,1,1,6.0,5.0,5,4,1,1,3,3,3,2,5,4,1,1,3,2,3,3,4,3,2,2
1,1,2,4,4,1,3,1,1,3,2,2,2,1,4,3,4,2,3,4,5,3,1,39,6,1,1,0,0,0,0,1,0,1,1,1,1,0,0,0,0,0,0,1,1,4,0,0,0,0,0,0,0,1,1,1,1,1,1,1,0,0,0,0,0,0,3.0,4.0,3,4,0,0,2,2,1,2,3,4,0,0,2,3,1,1,3,4,0,0
1,1,2,4,4,1,1,3,1,1,3,2,2,2,3,4,2,4,2,3,4,3,1,26,4,0,0,1,1,0,0,0,0,1,1,1,0,1,1,0,0,1,1,1,1,3,1,1,1,1,0,0,1,1,1,1,1,0,0,0,0,0,1,1,0,0,6.0,5.0,4,3,2,2,4,3,2,2,6,5,0,0,4,3,2,2,5,4,1,1
1,1,2,4,4,1,3,3,2,1,2,2,2,2,2,2,4,2,3,4,2,3,2,25,4,1,1,0,0,0,0,0,0,1,1,1,1,0,0,1,1,1,0,1,1,2,0,0,0,0,0,0,1,1,1,1,1,1,1,1,1,1,1,0,0,0,6.0,5.0,6,5,0,0,4,3,2,2,6,5,0,0,4,4,2,1,5,5,1,0
1,1,1,1,1,1,1,4,4,4,3,4,4,1,4,4,3,3,4,4,5,4,1,45,4,1,1,0,0,0,0,0,0,1,1,1,1,0,0,1,1,1,0,1,1,1,0,0,0,0,0,0,1,1,1,1,1,1,1,1,1,1,1,0,0,0,6.0,5.0,6,5,0,0,4,3,2,2,6,5,0,0,4,4,2,1,5,5,1,0
1,1,2,4,4,3,2,2,2,1,3,2,2,3,4,4,3,3,3,3,5,4,1,63,6,1,1,1,1,0,0,0,0,1,1,1,1,1,1,0,0,0,0,1,1,3,0,0,1,1,0,0,1,1,1,1,1,1,0,0,0,0,0,0,0,0,4.0,4.0,3,3,1,1,3,3,1,1,4,4,0,0,4,4,0,0,4,4,0,0
1,1,2,4,4,2,1,3,1,3,3,2,2,2,2,2,3,3,4,4,2,2,2,49,3,0,0,1,0,0,0,0,0,1,1,1,0,1,0,0,0,0,0,1,0,4,1,1,1,0,0,0,1,1,1,1,1,0,0,1,0,0,0,0,0,1,5.0,5.0,3,3,2,2,3,1,2,4,5,4,0,1,4,2,1,3,5,4,0,1
1,1,1,1,4,3,3,2,2,1,1,2,2,1,4,4,3,3,2,4,5,5,2,46,4,1,1,0,0,0,0,0,0,1,1,1,1,0,0,1,0,1,1,1,1,2,0,0,0,0,0,0,1,1,1,1,1,1,1,1,1,0,1,1,0,0,6.0,5.0,6,5,0,0,4,3,2,2,6,5,0,0,4,3,2,2,5,4,1,1
1,1,2,4,4,2,3,3,1,3,3,2,2,2,4,4,5,1,2,3,5,4,2,47,4,1,1,0,0,0,0,0,0,1,1,1,0,0,0,1,1,0,0,1,1,3,0,0,0,0,0,0,1,1,1,1,1,0,1,1,1,1,0,0,0,0,5.0,4.0,5,4,0,0,3,2,2,2,5,4,0,0,4,3,1,1,5,4,0,0
1,1,2,4,4,1,3,2,4,1,1,2,2,2,4,3,4,2,3,4,4,3,1,33,5,1,1,0,0,0,0,0,0,1,1,1,1,0,0,1,1,1,1,1,1,1,0,0,0,0,0,0,1,1,1,1,1,1,1,1,1,1,1,1,0,0,6.0,6.0,6,6,0,0,4,4,2,2,6,6,0,0,4,4,2,2,5,5,1,1
1,1,2,4,4,4,1,2,1,3,3,2,2,4,4,4,5,1,2,3,5,4,2,40,3,1,1,0,0,0,0,0,0,1,1,1,1,0,0,1,1,1,1,1,1,2,0,0,0,0,0,0,1,1,1,1,1,1,1,1,1,1,1,1,0,0,6.0,6.0,6,6,0,0,4,4,2,2,6,6,0,0,4,4,2,2,5,5,1,1
1,2,2,2,3,2,3,1,1,1,3,3,2,1,4,4,5,1,1,3,4,3,2,48,6,1,1,0,0,0,0,0,0,1,1,1,1,0,0,0,0,1,0,1,1,4,0,0,0,0,0,0,1,1,1,1,1,1,1,1,0,0,1,0,0,0,5.0,4.0,5,4,0,0,3,2,2,2,5,4,0,0,3,3,2,1,4,4,1,0
1,1,2,4,3,4,1,3,2,3,3,4,4,1,4,4,4,2,4,4,5,2,1,59,3,1,1,1,1,1,1,1,1,1,1,1,1,1,0,0,0,0,0,1,1,3,0,0,1,1,1,1,0,0,1,1,1,1,0,1,0,0,0,0,0,0,4.0,5.0,2,3,2,2,4,4,0,1,3,4,1,1,4,4,0,1,4,5,0,0
1,1,2,4,4,4,1,2,1,3,3,2,2,2,3,3,3,3,4,4,5,3,2,40,5,0,0,0,0,0,0,0,0,1,1,0,0,0,0,0,0,0,0,1,1,4,1,1,0,0,0,0,1,1,1,1,0,0,1,1,0,0,0,0,0,0,4.0,4.0,3,3,1,1,1,1,3,3,4,4,0,0,2,2,2,2,4,4,0,0
1,1,1,4,3,2,1,3,2,4,3,1,2,2,4,5,4,2,4,4,5,5,2,56,3,1,1,0,0,0,0,0,0,1,1,1,1,0,0,0,0,1,1,1,1,1,0,0,0,0,0,0,1,1,1,1,1,1,1,1,0,0,1,1,0,0,5.0,5.0,5,5,0,0,3,3,2,2,5,5,0,0,3,3,2,2,4,4,1,1
1,2,2,4,4,3,3,2,1,4,2,3,2,4,3,3,5,1,3,3,3,1,2,58,2,1,1,1,0,0,0,0,0,0,0,1,1,0,0,0,0,0,0,1,1,2,0,0,1,0,0,0,1,1,0,0,1,1,1,1,0,0,0,0,0,0,4.0,3.0,3,3,1,0,2,1,2,2,4,3,0,0,3,2,1,1,4,3,0,0
1,1,2,4,1,2,1,1,3,3,2,4,2,2,3,4,4,2,2,3,4,3,2,47,4,1,0,0,0,0,0,0,0,1,1,1,0,0,0,1,0,0,0,1,1,4,0,1,0,0,0,0,1,1,1,1,1,0,1,1,1,0,0,0,0,0,5.0,4.0,5,3,0,1,3,1,2,3,5,4,0,0,4,2,1,2,5,4,0,0
1,1,2,4,3,4,1,3,2,1,1,2,2,2,4,3,4,2,3,4,3,3,2,39,6,0,0,0,0,1,1,0,0,1,1,1,1,0,0,1,0,1,0,1,1,2,1,1,0,0,1,1,1,1,1,1,1,1,1,1,1,0,1,0,0,0,8.0,6.0,6,4,2,2,5,3,3,3,7,5,1,1,5,4,3,2,7,6,1,0
1,1,2,4,4,1,1,2,1,3,3,2,2,2,4,4,3,3,3,4,5,4,1,36,5,1,1,0,0,0,0,0,0,1,1,1,1,0,0,0,0,0,0,0,0,2,0,0,0,0,0,0,1,1,1,1,1,1,1,1,0,0,0,0,1,1,5.0,5.0,4,4,1,1,2,2,3,3,4,4,1,1,3,3,2,2,4,4,1,1
1,1,2,4,1,4,3,1,1,1,4,2,2,2,4,4,5,1,4,5,5,4,2,57,3,1,1,0,0,0,0,0,0,1,1,1,1,0,0,1,0,1,0,1,1,1,0,0,0,0,0,0,1,1,1,1,1,1,1,1,1,0,1,0,0,0,6.0,4.0,6,4,0,0,4,2,2,2,6,4,0,0,4,3,2,1,5,4,1,0
2,2,2,4,4,1,3,3,3,2,1,2,2,2,4,4,3,3,4,4,5,5,1,41,5,1,1,0,0,0,0,0,0,1,1,1,1,0,0,1,1,0,0,1,1,1,0,0,0,0,0,0,1,1,1,1,1,1,1,1,1,1,0,0,0,0,5.0,5.0,5,5,0,0,3,3,2,2,5,5,0,0,4,4,1,1,5,5,0,0
1,1,2,4,1,3,3,4,1,1,2,2,4,2,4,4,4,2,3,4,5,4,2,34,3,1,1,0,0,0,0,0,0,1,1,1,1,0,1,1,1,1,1,1,1,4,0,0,0,0,0,0,1,1,1,1,1,1,1,0,1,1,1,1,0,0,6.0,5.0,6,5,0,0,4,4,2,1,6,5,0,0,4,4,2,1,5,4,1,1
1,1,2,4,3,4,3,3,1,1,3,2,3,2,2,2,4,2,2,2,2,1,2,69,3,1,1,0,0,0,0,0,0,1,1,1,1,0,0,1,0,0,0,1,1,3,0,0,0,0,0,0,1,1,1,1,1,1,1,1,1,0,0,0,0,0,5.0,4.0,5,4,0,0,3,2,2,2,5,4,0,0,4,3,1,1,5,4,0,0
1,1,2,4,3,4,1,3,1,2,3,1,3,2,3,3,4,2,3,3,4,3,1,49,5,1,1,0,0,0,0,0,0,0,0,1,1,0,0,1,1,1,1,1,1,2,0,0,0,0,0,0,1,1,0,0,1,1,1,1,1,1,1,1,0,0,5.0,5.0,5,5,0,0,3,3,2,2,5,5,0,0,3,3,2,2,4,4,1,1
1,1,2,4,1,1,1,3,2,1,2,2,2,2,4,5,4,2,4,4,5,5,2,39,6,1,1,0,0,0,0,0,0,1,1,1,1,0,0,0,0,1,1,1,1,4,0,0,0,0,0,0,1,1,1,1,1,1,1,1,0,0,1,1,0,0,5.0,5.0,5,5,0,0,3,3,2,2,5,5,0,0,3,3,2,2,4,4,1,1
1,1,2,4,4,3,2,2,2,3,1,2,3,2,2,2,5,1,2,3,2,3,2,38,6,1,1,1,1,0,0,0,0,1,1,0,0,1,1,0,0,0,0,1,1,1,0,0,1,1,0,0,1,1,1,1,0,0,0,0,0,0,0,0,0,0,3.0,3.0,2,2,1,1,2,2,1,1,3,3,0,0,3,3,0,0,3,3,0,0
1,1,2,4,4,3,1,3,1,1,3,2,3,2,4,4,5,1,2,3,4,4,2,39,6,1,1,0,0,1,1,0,0,1,1,1,1,0,0,1,1,0,0,1,1,3,0,0,0,0,1,1,1,1,1,1,1,1,1,1,1,1,0,0,0,0,6.0,6.0,5,5,1,1,4,4,2,2,5,5,1,1,5,5,1,1,6,6,0,0
1,1,2,4,4,2,1,2,2,3,1,2,2,2,3,3,4,2,2,4,3,1,1,64,5,1,1,0,0,0,0,0,0,1,1,1,1,0,0,1,0,1,0,1,1,2,0,0,0,0,0,0,1,1,1,1,1,1,1,1,1,0,1,0,0,0,6.0,4.0,6,4,0,0,4,2,2,2,6,4,0,0,4,3,2,1,5,4,1,0
1,1,2,4,4,4,3,1,1,1,4,3,1,2,5,5,4,2,3,4,5,4,1,71,5,0,0,0,0,0,0,0,0,1,1,1,1,0,0,1,1,1,0,1,1,4,1,1,0,0,0,0,1,1,1,1,1,1,1,1,1,1,1,0,0,0,7.0,6.0,6,5,1,1,4,3,3,3,7,6,0,0,4,4,3,2,6,6,1,0
1,1,2,4,1,1,3,3,1,1,2,2,2,2,4,4,3,3,3,4,3,4,1,36,4,1,0,0,0,1,0,0,0,1,1,1,1,0,0,1,0,1,0,1,1,3,0,1,0,0,1,0,1,1,1,1,1,1,1,1,1,0,1,0,0,0,7.0,5.0,6,4,1,1,5,2,2,3,6,5,1,0,5,3,2,2,6,5,1,0
2,1,2,3,3,1,1,4,2,1,2,2,2,1,4,3,4,2,4,3,4,4,1,21,4,1,1,0,0,0,0,0,0,1,1,1,1,0,0,1,1,1,0,1,1,4,0,0,0,0,0,0,1,1,1,1,1,1,1,1,1,1,1,0,0,0,6.0,5.0,6,5,0,0,4,3,2,2,6,5,0,0,4,4,2,1,5,5,1,0
1,1,2,4,1,1,3,3,1,1,1,3,2,2,5,4,3,3,2,3,5,4,1,25,6,1,1,0,0,0,0,0,0,1,1,1,1,0,0,1,1,1,0,1,1,1,0,0,0,0,0,0,1,1,1,1,1,1,1,1,1,1,1,0,0,0,6.0,5.0,6,5,0,0,4,3,2,2,6,5,0,0,4,4,2,1,5,5,1,0
1,2,2,4,4,1,3,1,2,1,2,3,2,2,4,4,3,3,3,4,5,5,1,23,4,1,1,0,0,0,0,0,0,1,0,1,1,0,0,1,1,1,0,1,1,2,0,0,0,0,0,0,1,1,1,0,1,1,1,1,1,1,1,0,0,0,6.0,4.0,6,4,0,0,4,2,2,2,6,4,0,0,4,3,2,1,5,4,1,0
1,1,2,4,3,2,4,2,1,1,1,2,2,3,3,2,3,3,5,3,4,5,2,24,5,0,0,1,1,0,0,0,0,1,1,1,1,0,0,1,1,1,1,1,1,3,1,1,1,1,0,0,1,1,1,1,1,1,1,1,1,1,1,1,0,0,8.0,8.0,6,6,2,2,5,5,3,3,8,8,0,0,5,5,3,3,7,7,1,1
1,1,2,4,1,1,3,3,1,4,2,3,2,1,4,4,5,1,2,3,4,4,1,22,4,1,1,0,0,0,0,0,0,1,1,1,1,0,0,1,1,1,1,1,1,1,0,0,0,0,0,0,1,1,1,1,1,1,1,1,1,1,1,1,0,0,6.0,6.0,6,6,0,0,4,4,2,2,6,6,0,0,4,4,2,2,5,5,1,1
1,2,2,4,3,1,3,2,2,1,1,2,2,2,4,4,3,3,3,3,4,4,2,26,5,1,1,0,0,0,0,0,0,1,1,1,1,0,0,1,1,1,0,1,1,1,0,0,0,0,0,0,1,1,1,1,1,1,1,1,1,1,1,0,0,0,6.0,5.0,6,5,0,0,4,3,2,2,6,5,0,0,4,4,2,1,5,5,1,0
1,1,2,1,2,2,3,1,1,2,1,1,2,1,4,3,4,2,3,4,3,4,2,26,3,1,1,0,0,0,0,0,0,1,1,1,1,0,0,1,1,1,1,1,1,3,0,0,0,0,0,0,1,1,1,1,1,1,1,1,1,1,1,1,0,0,6.0,6.0,6,6,0,0,4,4,2,2,6,6,0,0,4,4,2,2,5,5,1,1
1,1,2,4,3,4,1,2,1,3,1,2,2,2,4,4,4,2,4,4,5,5,2,68,4,1,1,0,0,0,0,0,0,1,1,1,1,0,0,0,0,1,1,1,1,4,0,0,0,0,0,0,1,1,1,1,1,1,1,1,0,0,1,1,0,0,5.0,5.0,5,5,0,0,3,3,2,2,5,5,0,0,3,3,2,2,4,4,1,1
1,1,2,4,2,1,1,3,1,1,4,3,3,2,5,4,4,2,4,3,5,4,1,24,6,1,1,0,0,0,0,0,0,1,1,1,1,0,0,1,1,1,0,1,1,2,0,0,0,0,0,0,1,1,1,1,1,1,1,1,1,1,1,0,0,0,6.0,5.0,6,5,0,0,4,3,2,2,6,5,0,0,4,4,2,1,5,5,1,0
1,1,2,4,2,2,2,2,1,1,2,2,2,2,4,4,5,1,3,4,4,3,2,67,4,0,0,0,0,0,0,0,0,1,1,1,1,0,0,0,0,1,1,1,1,2,1,1,0,0,0,0,1,1,1,1,1,1,1,1,0,0,1,1,0,0,6.0,6.0,5,5,1,1,3,3,3,3,6,6,0,0,3,3,3,3,5,5,1,1
1,2,2,4,4,2,3,1,4,1,1,2,2,2,5,5,4,2,4,4,5,4,2,25,5,1,1,0,0,0,0,0,0,1,1,1,1,0,0,1,1,1,1,1,1,1,0,0,0,0,0,0,1,1,1,1,1,1,1,1,1,1,1,1,0,0,6.0,6.0,6,6,0,0,4,4,2,2,6,6,0,0,4,4,2,2,5,5,1,1
1,1,2,4,4,3,4,4,3,4,2,3,2,2,5,5,4,2,4,4,4,5,2,28,4,1,1,0,0,0,0,0,0,1,1,1,1,0,0,1,1,1,0,1,1,4,0,0,0,0,0,0,1,1,1,1,1,1,1,1,1,1,1,0,0,0,6.0,5.0,6,5,0,0,4,3,2,2,6,5,0,0,4,4,2,1,5,5,1,0
1,2,1,4,2,1,3,3,2,3,4,2,3,1,4,4,5,1,3,4,5,4,2,29,5,1,1,0,0,0,0,0,0,1,1,1,1,0,0,1,1,1,1,1,1,1,0,0,0,0,0,0,1,1,1,1,1,1,1,1,1,1,1,1,0,0,6.0,6.0,6,6,0,0,4,4,2,2,6,6,0,0,4,4,2,2,5,5,1,1
1,1,2,4,4,4,3,2,1,1,1,2,3,2,4,4,3,3,4,4,5,3,2,69,3,1,1,0,0,1,0,0,0,1,1,1,0,0,0,0,0,1,0,1,1,3,0,0,0,0,1,0,1,1,1,1,1,0,1,1,0,0,1,0,0,0,6.0,3.0,5,3,1,0,4,1,2,2,5,3,1,0,4,2,2,1,5,3,1,0
2,2,2,3,1,4,3,1,1,1,1,2,2,2,2,1,5,1,1,3,2,3,1,20,4,0,0,0,0,0,0,0,0,1,0,1,1,0,0,1,1,1,0,1,1,4,1,1,0,0,0,0,1,1,1,0,1,1,1,1,1,1,1,0,0,0,7.0,5.0,6,4,1,1,4,2,3,3,7,5,0,0,4,3,3,2,6,5,1,0
1,1,2,4,1,4,1,3,2,1,1,1,2,2,2,2,4,2,3,3,3,2,1,68,3,1,1,1,1,0,0,0,0,1,1,1,1,1,1,0,0,1,1,1,1,3,0,0,1,1,0,0,1,1,1,1,1,1,0,0,0,0,1,1,0,0,5.0,5.0,4,4,1,1,4,4,1,1,5,5,0,0,4,4,1,1,4,4,1,1
1,1,2,4,4,4,3,3,1,1,4,2,2,2,4,4,4,2,3,4,5,5,1,59,3,1,1,0,0,0,0,1,1,1,1,1,1,0,0,1,1,1,1,1,1,2,0,0,0,0,0,0,0,0,1,1,1,1,1,1,1,1,1,1,0,0,5.0,5.0,5,5,0,0,4,4,1,1,5,5,0,0,3,3,2,2,4,4,1,1
1,1,2,4,3,1,3,3,1,1,2,3,3,2,1,1,5,1,1,3,5,1,1,66,3,1,1,0,0,0,0,0,0,1,1,0,0,0,0,0,0,0,0,1,1,2,0,0,0,0,0,0,1,1,1,1,0,0,1,1,0,0,0,0,0,0,3.0,3.0,3,3,0,0,1,1,2,2,3,3,0,0,2,2,1,1,3,3,0,0
1,1,2,4,3,4,4,3,1,3,3,1,2,1,4,3,4,2,1,1,4,3,1,62,2,1,1,1,1,0,0,0,0,0,0,1,1,1,1,1,1,1,1,1,1,3,0,0,1,1,0,0,1,1,0,0,1,1,0,0,1,1,1,1,0,0,5.0,5.0,4,4,1,1,4,4,1,1,5,5,0,0,4,4,1,1,4,4,1,1
1,1,2,4,3,4,2,3,1,2,3,2,2,2,1,2,5,1,2,2,2,1,1,37,3,0,0,0,0,1,1,0,0,1,1,0,0,0,0,0,0,1,1,1,1,4,1,1,0,0,1,1,1,1,1,1,0,0,1,1,0,0,1,1,0,0,6.0,6.0,4,4,2,2,3,3,3,3,5,5,1,1,3,3,3,3,5,5,1,1
1,2,2,4,4,1,3,3,4,3,2,1,3,2,4,4,4,2,3,4,4,3,1,64,3,1,1,0,0,0,0,0,0,1,1,1,1,0,0,1,1,1,1,1,1,1,0,0,0,0,0,0,1,1,1,1,1,1,1,1,1,1,1,1,0,0,6.0,6.0,6,6,0,0,4,4,2,2,6,6,0,0,4,4,2,2,5,5,1,1
1,1,2,4,3,4,1,2,1,1,4,2,2,2,4,4,5,1,4,4,4,5,1,58,3,1,1,1,1,0,0,1,0,1,1,1,1,1,1,0,0,0,0,1,1,2,0,0,1,1,0,0,0,1,1,1,1,1,0,0,0,0,0,0,0,0,3.0,4.0,2,3,1,1,3,3,0,1,3,4,0,0,3,4,0,0,3,4,0,0
1,1,2,4,1,4,1,2,2,1,1,4,3,2,4,4,4,2,4,2,3,3,1,42,3,1,1,0,0,0,0,0,0,1,1,1,1,0,0,1,1,1,1,1,1,4,0,0,0,0,0,0,1,1,1,1,1,1,1,1,1,1,1,1,0,0,6.0,6.0,6,6,0,0,4,4,2,2,6,6,0,0,4,4,2,2,5,5,1,1
1,1,2,4,1,4,1,2,1,2,2,2,3,2,2,2,4,2,4,4,3,2,1,67,3,1,1,1,1,0,0,0,0,1,1,1,1,1,1,0,0,1,1,1,1,3,0,0,1,1,0,0,1,1,1,1,1,1,0,0,0,0,1,1,0,0,5.0,5.0,4,4,1,1,4,4,1,1,5,5,0,0,4,4,1,1,4,4,1,1
1,1,2,4,3,4,2,3,2,1,3,1,3,2,1,1,5,1,1,3,1,1,1,67,3,0,0,1,1,1,1,0,0,1,1,0,0,1,1,0,0,0,0,0,0,4,1,1,1,1,1,1,1,1,1,1,0,0,0,0,0,0,0,0,1,1,6.0,6.0,2,2,4,4,3,3,3,3,4,4,2,2,4,4,2,2,5,5,1,1
1,1,2,4,4,4,2,3,4,3,3,4,2,2,5,5,5,1,4,4,5,4,1,65,2,1,1,0,0,0,0,0,0,1,1,1,1,1,1,0,0,1,1,1,1,2,0,0,0,0,0,0,1,1,1,1,1,1,0,0,0,0,1,1,0,0,4.0,4.0,4,4,0,0,3,3,1,1,4,4,0,0,3,3,1,1,3,3,1,1
1,1,2,4,1,3,3,1,4,1,3,2,2,2,4,4,4,2,4,4,5,4,1,56,3,1,1,0,0,0,0,0,0,1,1,1,1,0,0,1,1,0,0,1,1,3,0,0,0,0,0,0,1,1,1,1,1,1,1,1,1,1,0,0,0,0,5.0,5.0,5,5,0,0,3,3,2,2,5,5,0,0,4,4,1,1,5,5,0,0
1,1,2,4,2,1,1,2,1,2,3,1,1,1,2,2,4,2,3,3,3,1,1,74,3,1,0,0,0,0,1,0,1,1,1,1,1,0,0,1,1,1,0,1,1,3,0,1,0,0,0,1,1,0,1,1,1,1,1,1,1,1,1,0,0,0,6.0,6.0,6,4,0,2,4,4,2,2,6,5,0,1,4,4,2,2,5,6,1,0
1,1,2,4,3,4,1,3,2,3,4,2,2,2,3,3,3,3,3,3,3,3,1,59,3,1,1,0,0,0,0,0,0,1,1,1,1,0,0,1,1,0,0,1,1,4,0,0,0,0,0,0,1,1,1,1,1,1,1,1,1,1,0,0,0,0,5.0,5.0,5,5,0,0,3,3,2,2,5,5,0,0,4,4,1,1,5,5,0,0
1,2,2,4,4,4,2,3,3,1,3,2,2,4,4,4,4,2,3,3,4,4,1,59,3,1,1,0,0,0,0,0,0,1,1,1,1,0,0,0,0,1,1,1,1,1,0,0,0,0,0,0,1,1,1,1,1,1,1,1,0,0,1,1,0,0,5.0,5.0,5,5,0,0,3,3,2,2,5,5,0,0,3,3,2,2,4,4,1,1
1,1,2,4,4,4,1,2,1,1,2,2,3,2,4,4,3,3,4,4,4,4,1,19,4,1,1,0,0,0,0,0,0,1,1,1,1,0,0,1,1,1,0,1,1,2,0,0,0,0,0,0,1,1,1,1,1,1,1,1,1,1,1,0,0,0,6.0,5.0,6,5,0,0,4,3,2,2,6,5,0,0,4,4,2,1,5,5,1,0
1,1,2,4,4,4,1,2,2,1,3,3,3,2,4,4,5,1,1,4,4,4,1,64,4,1,1,1,1,0,0,0,0,1,1,1,1,0,0,1,1,1,1,0,0,4,0,0,1,1,0,0,1,1,1,1,1,1,1,1,1,1,1,1,1,1,8.0,8.0,6,6,2,2,5,5,3,3,7,7,1,1,5,5,3,3,6,6,2,2
1,2,2,4,3,4,1,3,1,1,2,2,2,2,4,3,3,3,4,4,5,3,1,28,6,0,0,0,0,0,0,0,0,1,1,1,1,0,0,1,1,0,0,1,1,2,1,1,0,0,0,0,1,1,1,1,1,1,1,1,1,1,0,0,0,0,6.0,6.0,5,5,1,1,3,3,3,3,6,6,0,0,4,4,2,2,6,6,0,0
1,1,2,4,1,2,3,1,1,3,4,3,2,2,4,3,4,2,2,3,4,3,1,72,3,1,1,1,1,0,0,0,0,1,1,1,1,0,0,0,0,0,0,0,0,1,0,0,1,1,0,0,1,1,1,1,1,1,1,1,0,0,0,0,1,1,6.0,6.0,4,4,2,2,3,3,3,3,5,5,1,1,4,4,2,2,5,5,1,1
1,2,2,4,3,2,1,2,1,2,2,3,4,1,3,3,5,1,3,5,5,1,3,50,3,0,0,0,0,0,0,0,0,0,0,1,1,1,1,0,0,1,1,0,0,1,1,1,0,0,0,0,1,1,0,0,1,1,0,0,0,0,1,1,1,1,5.0,5.0,3,3,2,2,2,2,3,3,4,4,1,1,2,2,3,3,3,3,2,2
1,2,2,4,4,1,3,2,1,1,3,2,1,4,3,3,5,1,3,4,3,1,3,87,6,0,0,0,0,0,0,0,0,1,1,1,1,0,0,1,1,1,1,1,1,3,1,1,0,0,0,0,1,1,1,1,1,1,1,1,1,1,1,1,0,0,7.0,7.0,6,6,1,1,4,4,3,3,7,7,0,0,4,4,3,3,6,6,1,1
1,1,2,4,3,1,3,1,1,1,2,3,2,1,5,4,3,3,4,4,5,4,1,77,2,1,1,0,0,0,0,0,0,1,1,1,1,0,0,1,1,0,0,1,1,4,0,0,0,0,0,0,1,1,1,1,1,1,1,1,1,1,0,0,0,0,5.0,5.0,5,5,0,0,3,3,2,2,5,5,0,0,4,4,1,1,5,5,0,0
1,1,2,2,3,4,1,3,1,3,2,4,4,2,4,4,3,3,3,3,4,3,1,58,3,1,1,0,0,1,1,1,1,1,1,1,1,0,0,0,0,0,0,0,0,2,0,0,0,0,1,1,0,0,1,1,1,1,1,1,0,0,0,0,1,1,5.0,5.0,3,3,2,2,3,3,2,2,3,3,2,2,3,3,2,2,4,4,1,1
1,1,2,4,3,4,1,3,1,2,1,2,3,2,4,4,5,1,2,2,2,4,1,74,3,1,1,0,0,0,0,0,0,1,1,1,1,1,1,1,1,1,1,1,1,4,0,0,0,0,0,0,1,1,1,1,1,1,0,0,1,1,1,1,0,0,5.0,5.0,5,5,0,0,4,4,1,1,5,5,0,0,4,4,1,1,4,4,1,1
1,1,2,4,1,4,3,3,1,1,2,2,2,2,2,2,4,2,1,2,3,3,1,58,3,1,1,1,1,0,0,0,0,1,1,1,1,1,1,0,0,0,0,1,1,1,0,0,1,1,0,0,1,1,1,1,1,1,0,0,0,0,0,0,0,0,4.0,4.0,3,3,1,1,3,3,1,1,4,4,0,0,4,4,0,0,4,4,0,0
1,1,2,4,3,4,1,3,2,1,3,2,2,2,2,2,5,1,1,2,1,1,1,42,5,1,0,0,0,0,0,0,0,1,1,1,1,0,0,0,0,0,0,1,1,2,0,1,0,0,0,0,1,1,1,1,1,1,1,1,0,0,0,0,0,0,4.0,5.0,4,4,0,1,2,2,2,3,4,5,0,0,3,3,1,2,4,5,0,0
1,1,2,4,1,2,3,3,1,1,3,2,2,1,2,3,3,3,5,5,4,3,2,29,6,1,1,0,0,1,1,0,0,1,1,1,0,1,0,0,0,1,1,1,1,3,0,0,0,0,1,1,1,1,1,1,1,0,0,1,0,0,1,1,0,0,5.0,5.0,4,4,1,1,4,3,1,2,4,4,1,1,4,3,1,2,4,4,1,1
1,1,2,4,3,4,1,3,1,3,4,2,2,1,3,3,4,2,3,3,4,3,1,50,3,1,1,0,0,0,0,0,0,1,1,1,1,0,0,0,0,1,0,1,1,2,0,0,0,0,0,0,1,1,1,1,1,1,1,1,0,0,1,0,0,0,5.0,4.0,5,4,0,0,3,2,2,2,5,4,0,0,3,3,2,1,4,4,1,0
1,1,2,4,4,2,3,3,1,3,1,2,3,2,4,4,5,1,2,2,4,3,1,56,2,1,1,1,1,1,1,0,0,1,1,1,1,1,1,0,0,1,1,1,1,1,0,0,1,1,1,1,1,1,1,1,1,1,0,0,0,0,1,1,0,0,6.0,6.0,4,4,2,2,5,5,1,1,5,5,1,1,5,5,1,1,5,5,1,1
1,1,2,4,2,1,1,2,3,1,1,2,3,2,4,4,3,3,4,3,4,5,1,22,4,0,0,0,0,0,0,0,0,1,1,1,1,0,0,1,1,1,1,1,1,2,1,1,0,0,0,0,1,1,1,1,1,1,1,1,1,1,1,1,0,0,7.0,7.0,6,6,1,1,4,4,3,3,7,7,0,0,4,4,3,3,6,6,1,1
1,2,2,4,4,4,1,2,1,1,3,3,2,2,4,4,4,2,3,4,4,3,1,21,4,0,0,0,0,0,0,1,1,1,1,1,1,1,0,0,0,1,0,1,1,3,1,1,0,0,0,0,0,0,1,1,1,1,0,1,0,0,1,0,0,0,4.0,4.0,3,3,1,1,3,2,1,2,4,4,0,0,2,2,2,2,3,4,1,0
1,1,1,4,1,3,1,2,2,4,2,3,3,2,4,3,4,2,5,4,4,4,2,57,3,0,0,1,1,1,1,0,0,1,1,1,1,1,1,0,0,0,0,0,0,1,1,1,1,1,1,1,1,1,1,1,1,1,0,0,0,0,0,0,1,1,7.0,7.0,3,3,4,4,4,4,3,3,5,5,2,2,5,5,2,2,6,6,1,1
1,1,2,4,3,4,1,2,1,3,1,2,2,4,4,4,5,1,4,4,4,2,1,55,3,1,1,0,0,0,0,0,0,1,1,1,1,0,0,1,0,1,1,1,1,4,0,0,0,0,0,0,1,1,1,1,1,1,1,1,1,0,1,1,0,0,6.0,5.0,6,5,0,0,4,3,2,2,6,5,0,0,4,3,2,2,5,4,1,1
2,2,2,4,4,1,1,3,1,1,3,3,4,4,5,4,4,2,4,4,5,5,2,43,3,1,1,0,0,0,0,0,0,1,1,1,1,0,0,1,1,1,1,1,1,1,0,0,0,0,0,0,1,1,1,1,1,1,1,1,1,1,1,1,0,0,6.0,6.0,6,6,0,0,4,4,2,2,6,6,0,0,4,4,2,2,5,5,1,1
1,1,2,4,1,2,3,2,1,3,2,2,2,2,4,4,4,2,3,3,4,4,2,55,3,0,0,0,0,0,0,0,0,1,1,1,0,0,0,0,0,1,1,1,1,4,1,1,0,0,0,0,1,1,1,1,1,0,1,1,0,0,1,1,0,0,6.0,5.0,5,4,1,1,3,2,3,3,6,5,0,0,3,2,3,3,5,4,1,1
1,1,2,4,3,4,2,2,3,1,1,4,4,2,4,3,1,5,3,2,4,3,1,69,3,1,1,0,1,1,1,1,1,1,1,1,1,1,1,0,0,1,0,0,0,2,0,0,0,1,1,1,0,0,1,1,1,1,0,0,0,0,1,0,1,1,5.0,5.0,3,2,2,3,4,4,1,1,3,3,2,2,3,4,2,1,3,4,2,1
1,1,2,4,1,4,4,3,3,1,1,2,2,2,5,5,4,2,3,4,5,5,1,57,4,1,1,0,0,0,0,0,0,1,1,1,1,0,0,1,1,1,1,1,1,3,0,0,0,0,0,0,1,1,1,1,1,1,1,1,1,1,1,1,0,0,6.0,6.0,6,6,0,0,4,4,2,2,6,6,0,0,4,4,2,2,5,5,1,1
1,1,2,4,3,4,1,3,1,1,2,3,2,2,3,4,5,1,4,2,3,2,2,32,4,1,1,1,1,0,0,0,0,1,1,0,0,0,0,0,0,0,0,1,1,3,0,0,1,1,0,0,1,1,1,1,0,0,1,1,0,0,0,0,0,0,4.0,4.0,3,3,1,1,2,2,2,2,4,4,0,0,3,3,1,1,4,4,0,0
1,1,2,4,4,3,2,1,1,1,2,3,2,2,4,4,5,1,3,3,4,4,2,74,6,1,1,0,0,0,0,0,0,1,1,1,1,0,0,1,1,1,1,1,1,1,0,0,0,0,0,0,1,1,1,1,1,1,1,1,1,1,1,1,0,0,6.0,6.0,6,6,0,0,4,4,2,2,6,6,0,0,4,4,2,2,5,5,1,1
1,1,2,4,4,4,2,2,1,1,1,2,2,2,4,3,4,2,3,4,4,3,2,50,3,1,1,0,0,0,0,1,0,1,1,1,0,0,0,0,0,0,0,1,1,2,0,0,0,0,0,0,0,1,1,1,1,0,1,1,0,0,0,0,0,0,3.0,3.0,3,3,0,0,2,1,1,2,3,3,0,0,2,2,1,1,3,3,0,0
1,1,2,4,3,2,1,3,2,3,1,3,3,3,3,3,5,1,4,4,3,2,1,72,3,0,0,0,0,0,0,0,0,1,1,0,0,0,0,0,0,1,1,1,1,4,1,1,0,0,0,0,1,1,1,1,0,0,1,1,0,0,1,1,0,0,5.0,5.0,4,4,1,1,2,2,3,3,5,5,0,0,2,2,3,3,4,4,1,1
1,2,2,1,2,3,1,2,3,1,2,4,2,1,4,4,3,3,3,3,5,5,2,50,2,1,1,0,0,0,0,0,0,1,1,1,1,0,0,1,1,1,1,1,1,4,0,0,0,0,0,0,1,1,1,1,1,1,1,1,1,1,1,1,0,0,6.0,6.0,6,6,0,0,4,4,2,2,6,6,0,0,4,4,2,2,5,5,1,1
1,1,2,1,2,3,3,4,1,3,3,2,3,3,4,4,4,2,4,4,4,4,2,47,4,1,1,0,0,0,0,1,1,1,1,1,1,1,1,0,0,1,1,1,1,1,0,0,0,0,0,0,0,0,1,1,1,1,0,0,0,0,1,1,0,0,3.0,3.0,3,3,0,0,3,3,0,0,3,3,0,0,2,2,1,1,2,2,1,1
1,1,2,1,4,4,3,3,1,1,2,2,2,2,4,3,4,2,3,4,3,3,1,57,3,1,1,0,0,0,0,0,0,0,0,1,1,0,0,1,1,0,0,1,1,2,0,0,0,0,0,0,1,1,0,0,1,1,1,1,1,1,0,0,0,0,4.0,4.0,4,4,0,0,2,2,2,2,4,4,0,0,3,3,1,1,4,4,0,0
1,1,2,4,3,4,3,1,1,2,3,2,3,4,1,1,5,1,1,5,3,1,1,63,3,1,1,0,0,0,0,1,1,1,1,1,1,0,0,0,0,0,0,1,1,3,0,0,0,0,0,0,0,0,1,1,1,1,1,1,0,0,0,0,0,0,3.0,3.0,3,3,0,0,2,2,1,1,3,3,0,0,2,2,1,1,3,3,0,0
1,2,2,4,1,3,1,3,2,1,3,2,2,4,4,3,5,1,1,3,4,2,1,54,3,1,1,0,0,0,0,0,0,1,1,1,1,0,0,1,1,1,1,1,1,1,0,0,0,0,0,0,1,1,1,1,1,1,1,1,1,1,1,1,0,0,6.0,6.0,6,6,0,0,4,4,2,2,6,6,0,0,4,4,2,2,5,5,1,1
1,1,2,4,1,3,1,1,1,2,1,2,2,2,3,4,4,2,3,3,4,3,1,29,4,1,1,0,0,0,0,0,0,1,1,1,1,0,0,1,0,0,0,1,1,4,0,0,0,0,0,0,1,1,1,1,1,1,1,1,1,0,0,0,0,0,5.0,4.0,5,4,0,0,3,2,2,2,5,4,0,0,4,3,1,1,5,4,0,0
1,2,2,4,1,4,2,3,2,3,3,2,2,2,4,4,4,2,3,3,5,3,2,51,3,1,1,0,0,0,0,0,0,1,1,1,1,0,0,1,1,1,1,1,1,3,0,0,0,0,0,0,1,1,1,1,1,1,1,1,1,1,1,1,0,0,6.0,6.0,6,6,0,0,4,4,2,2,6,6,0,0,4,4,2,2,5,5,1,1
1,1,2,4,4,1,1,3,4,1,2,1,4,1,4,4,4,2,3,3,5,4,2,36,2,1,1,0,0,0,0,0,0,1,1,1,1,0,0,1,1,1,0,1,1,3,0,0,0,0,0,0,1,1,1,1,1,1,1,1,1,1,1,0,0,0,6.0,5.0,6,5,0,0,4,3,2,2,6,5,0,0,4,4,2,1,5,5,1,0
1,1,2,4,1,2,1,4,4,1,1,3,2,2,3,3,4,2,3,3,4,4,2,31,3,1,1,0,0,0,0,0,0,1,1,1,1,1,1,1,0,1,0,1,1,2,0,0,0,0,0,0,1,1,1,1,1,1,0,0,1,0,1,0,0,0,5.0,3.0,5,3,0,0,4,2,1,1,5,3,0,0,4,3,1,0,4,3,1,0
1,1,2,2,3,3,1,1,1,1,2,3,2,3,4,4,4,2,2,3,4,3,2,61,3,1,1,0,0,0,0,0,0,1,1,1,1,0,0,0,0,0,0,1,1,4,0,0,0,0,0,0,1,1,1,1,1,1,1,1,0,0,0,0,0,0,4.0,4.0,4,4,0,0,2,2,2,2,4,4,0,0,3,3,1,1,4,4,0,0
1,1,2,4,3,4,3,3,3,1,3,2,3,2,3,3,5,1,3,4,3,2,2,55,3,1,1,0,0,0,0,0,0,1,1,1,1,0,0,0,0,0,0,1,1,1,0,0,0,0,0,0,1,1,1,1,1,1,1,1,0,0,0,0,0,0,4.0,4.0,4,4,0,0,2,2,2,2,4,4,0,0,3,3,1,1,4,4,0,0
1,1,2,4,3,2,1,3,1,1,4,3,2,1,1,1,5,1,1,1,3,2,1,56,3,1,1,0,0,0,0,0,0,1,1,1,0,1,1,0,0,0,0,1,1,3,0,0,0,0,0,0,1,1,1,1,1,0,0,0,0,0,0,0,0,0,3.0,2.0,3,2,0,0,2,1,1,1,3,2,0,0,3,2,0,0,3,2,0,0
1,1,2,4,4,2,3,3,3,3,2,3,2,1,4,4,4,2,3,4,5,4,2,62,3,1,1,0,0,0,0,0,0,1,1,1,1,0,0,1,1,0,0,1,1,4,0,0,0,0,0,0,1,1,1,1,1,1,1,1,1,1,0,0,0,0,5.0,5.0,5,5,0,0,3,3,2,2,5,5,0,0,4,4,1,1,5,5,0,0
1,1,2,4,2,4,1,1,1,3,2,4,2,4,4,4,5,1,2,3,4,4,2,62,3,1,1,0,0,0,0,0,0,1,1,1,1,0,0,1,0,1,1,1,1,4,0,0,0,0,0,0,1,1,1,1,1,1,1,1,1,0,1,1,0,0,6.0,5.0,6,5,0,0,4,3,2,2,6,5,0,0,4,3,2,2,5,4,1,1
1,1,2,4,4,4,1,3,1,1,1,2,2,3,2,1,5,1,3,4,2,3,2,49,4,0,0,1,1,1,1,0,0,1,1,1,1,0,0,1,1,0,0,1,1,3,1,1,1,1,1,1,1,1,1,1,1,1,1,1,1,1,0,0,0,0,8.0,8.0,5,5,3,3,5,5,3,3,7,7,1,1,6,6,2,2,8,8,0,0
1,1,1,4,3,4,1,2,2,1,1,2,3,2,4,4,4,2,3,3,5,5,2,65,3,1,1,1,1,0,0,0,0,1,1,1,1,0,0,0,0,0,0,1,1,1,0,0,1,1,0,0,1,1,1,1,1,1,1,1,0,0,0,0,0,0,5.0,5.0,4,4,1,1,3,3,2,2,5,5,0,0,4,4,1,1,5,5,0,0
1,1,2,4,3,4,3,2,1,4,3,2,2,2,3,3,5,1,2,3,4,4,2,37,3,0,0,1,1,0,0,0,0,1,1,0,0,0,0,0,0,0,0,1,1,2,1,1,1,1,0,0,1,1,1,1,0,0,1,1,0,0,0,0,0,0,5.0,5.0,3,3,2,2,2,2,3,3,5,5,0,0,3,3,2,2,5,5,0,0
1,2,1,4,4,2,1,3,2,4,1,2,2,2,3,3,5,1,3,4,5,3,1,60,3,1,1,0,0,0,0,0,0,1,1,1,1,0,0,1,1,0,0,1,1,1,0,0,0,0,0,0,1,1,1,1,1,1,1,1,1,1,0,0,0,0,5.0,5.0,5,5,0,0,3,3,2,2,5,5,0,0,4,4,1,1,5,5,0,0
1,1,2,4,4,4,3,2,3,3,2,2,2,2,4,3,4,2,2,3,4,4,1,28,3,1,1,0,0,1,1,0,0,1,1,1,1,0,0,1,1,0,0,1,1,3,0,0,0,0,1,1,1,1,1,1,1,1,1,1,1,1,0,0,0,0,6.0,6.0,5,5,1,1,4,4,2,2,5,5,1,1,5,5,1,1,6,6,0,0
1,2,2,4,1,4,3,3,1,2,2,2,2,3,3,3,5,1,3,4,3,2,2,55,3,0,0,0,0,0,0,0,0,1,1,1,1,0,0,0,0,0,0,1,1,4,1,1,0,0,0,0,1,1,1,1,1,1,1,1,0,0,0,0,0,0,5.0,5.0,4,4,1,1,2,2,3,3,5,5,0,0,3,3,2,2,5,5,0,0
1,1,2,4,3,2,1,3,1,3,2,2,3,2,2,2,4,2,5,5,4,1,2,70,3,0,0,0,0,0,0,0,0,1,1,0,0,0,0,0,0,0,0,1,1,2,1,1,0,0,0,0,1,1,1,1,0,0,1,1,0,0,0,0,0,0,4.0,4.0,3,3,1,1,1,1,3,3,4,4,0,0,2,2,2,2,4,4,0,0
1,1,2,4,4,1,1,2,2,1,1,1,2,2,5,4,4,2,3,4,5,5,1,55,3,1,1,0,0,0,0,0,0,1,1,1,1,1,1,1,1,1,1,1,1,3,0,0,0,0,0,0,1,1,1,1,1,1,0,0,1,1,1,1,0,0,5.0,5.0,5,5,0,0,4,4,1,1,5,5,0,0,4,4,1,1,4,4,1,1
1,2,1,4,4,3,3,1,1,1,3,4,2,2,3,4,3,3,2,3,4,4,1,56,6,1,1,0,0,0,0,0,0,1,1,1,1,0,0,1,1,0,0,1,1,1,0,0,0,0,0,0,1,1,1,1,1,1,1,1,1,1,0,0,0,0,5.0,5.0,5,5,0,0,3,3,2,2,5,5,0,0,4,4,1,1,5,5,0,0
1,2,2,4,4,4,2,3,1,3,2,1,4,1,4,4,4,2,3,4,4,3,1,52,5,1,1,0,0,0,0,0,0,1,1,1,1,0,0,1,1,1,1,1,1,4,0,0,0,0,0,0,1,1,1,1,1,1,1,1,1,1,1,1,0,0,6.0,6.0,6,6,0,0,4,4,2,2,6,6,0,0,4,4,2,2,5,5,1,1
1,1,2,4,4,4,4,3,1,2,1,2,2,1,4,4,5,1,4,3,5,5,2,67,3,1,1,0,0,0,0,0,0,1,1,1,1,1,1,0,0,1,1,0,0,2,0,0,0,0,0,0,1,1,1,1,1,1,0,0,0,0,1,1,1,1,5.0,5.0,4,4,1,1,3,3,2,2,4,4,1,1,3,3,2,2,3,3,2,2
1,1,2,4,3,4,1,2,1,3,2,1,2,4,4,4,4,2,4,5,5,3,1,62,2,1,1,0,0,0,0,0,0,1,1,1,1,0,0,0,0,1,1,1,1,4,0,0,0,0,0,0,1,1,1,1,1,1,1,1,0,0,1,1,0,0,5.0,5.0,5,5,0,0,3,3,2,2,5,5,0,0,3,3,2,2,4,4,1,1
1,1,2,4,1,3,4,3,1,1,1,1,3,4,3,2,4,2,2,4,4,4,2,47,3,1,1,1,1,0,0,0,0,1,1,0,0,1,1,0,0,0,0,0,0,1,0,0,1,1,0,0,1,1,1,1,0,0,0,0,0,0,0,0,1,1,4.0,4.0,2,2,2,2,2,2,2,2,3,3,1,1,3,3,1,1,3,3,1,1
1,1,2,4,1,1,1,2,2,2,3,2,3,1,4,4,5,1,4,4,5,5,2,64,3,0,0,1,1,0,0,0,0,1,1,0,0,0,0,0,0,0,0,0,0,3,1,1,1,1,0,0,1,1,1,1,0,0,1,1,0,0,0,0,1,1,6.0,6.0,3,3,3,3,2,2,4,4,5,5,1,1,3,3,3,3,5,5,1,1
1,2,2,4,1,1,1,4,4,1,4,3,2,2,4,4,4,2,3,4,5,4,1,22,3,1,1,0,0,0,0,0,0,1,1,1,1,0,0,1,1,1,0,1,1,1,0,0,0,0,0,0,1,1,1,1,1,1,1,1,1,1,1,0,0,0,6.0,5.0,6,5,0,0,4,3,2,2,6,5,0,0,4,4,2,1,5,5,1,0
1,1,2,4,4,4,2,2,1,4,2,1,2,3,2,2,5,1,3,4,3,2,1,64,2,0,0,1,0,0,0,0,0,1,1,1,0,0,0,0,0,0,0,1,1,3,1,1,1,0,0,0,1,1,1,1,1,0,1,1,0,0,0,0,0,0,6.0,4.0,4,3,2,1,3,1,3,3,6,4,0,0,4,2,2,2,6,4,0,0
1,1,2,4,3,4,3,3,1,1,2,2,2,2,3,3,3,3,4,4,4,3,1,31,2,1,0,0,0,1,0,0,0,1,1,1,0,0,0,0,0,1,0,1,1,4,0,1,0,0,1,0,1,1,1,1,1,0,1,1,0,0,1,0,0,0,6.0,4.0,5,3,1,1,4,1,2,3,5,4,1,0,4,2,2,2,5,4,1,0
1,2,2,4,4,4,1,3,1,2,4,2,2,1,1,1,3,3,3,2,2,1,1,65,3,1,0,1,0,0,0,1,0,1,0,1,0,0,0,0,0,1,0,1,0,2,0,1,1,0,0,0,0,1,1,0,1,0,1,1,0,0,1,0,0,1,5.0,4.0,4,2,1,2,4,0,1,4,5,3,0,1,3,1,2,3,4,3,1,1
1,1,2,4,4,4,3,3,1,3,2,2,1,2,2,2,4,2,4,4,4,4,2,55,3,0,0,0,0,0,0,0,0,1,1,0,0,0,0,0,0,0,0,1,1,4,1,1,0,0,0,0,1,1,1,1,0,0,1,1,0,0,0,0,0,0,4.0,4.0,3,3,1,1,1,1,3,3,4,4,0,0,2,2,2,2,4,4,0,0
1,1,2,2,2,3,4,1,3,1,2,2,2,2,4,5,4,2,4,4,5,5,1,32,4,0,0,0,0,0,0,0,0,1,0,1,1,0,0,0,0,1,1,0,0,1,1,1,0,0,0,0,1,1,1,0,1,1,1,1,0,0,1,1,1,1,7.0,6.0,5,4,2,2,3,2,4,4,6,5,1,1,3,2,4,4,5,4,2,2
1,1,2,4,3,2,3,1,1,1,4,3,4,2,4,4,4,2,4,3,4,3,2,58,3,1,1,0,0,0,0,0,0,1,1,1,1,0,0,1,0,1,1,1,1,2,0,0,0,0,0,0,1,1,1,1,1,1,1,1,1,0,1,1,0,0,6.0,5.0,6,5,0,0,4,3,2,2,6,5,0,0,4,3,2,2,5,4,1,1
1,1,2,4,3,1,3,2,4,2,2,3,3,4,4,4,2,4,2,3,4,4,2,26,4,1,1,0,0,0,0,0,0,1,1,1,1,0,0,1,1,1,1,1,1,4,0,0,0,0,0,0,1,1,1,1,1,1,1,1,1,1,1,1,0,0,6.0,6.0,6,6,0,0,4,4,2,2,6,6,0,0,4,4,2,2,5,5,1,1
1,1,2,4,4,4,1,1,1,1,2,2,1,2,4,4,3,3,4,4,4,3,2,55,3,1,1,1,1,0,0,0,0,1,1,1,1,1,1,0,0,1,1,0,0,1,0,0,1,1,0,0,1,1,1,1,1,1,0,0,0,0,1,1,1,1,6.0,6.0,4,4,2,2,4,4,2,2,5,5,1,1,4,4,2,2,4,4,2,2
1,1,2,4,4,4,3,2,3,3,1,2,2,2,4,4,5,1,1,2,4,5,1,49,5,1,1,1,1,0,0,1,1,1,1,1,1,0,0,0,1,0,0,0,0,3,0,0,1,1,0,0,0,0,1,1,1,1,1,1,0,1,0,0,1,1,5.0,6.0,3,4,2,2,3,4,2,2,4,5,1,1,3,4,2,2,4,5,1,1
1,1,2,4,3,4,1,3,2,1,3,2,1,2,4,4,4,2,2,4,5,3,2,56,3,0,0,0,0,0,0,0,0,1,1,1,1,0,0,0,0,0,0,1,1,2,1,1,0,0,0,0,1,1,1,1,1,1,1,1,0,0,0,0,0,0,5.0,5.0,4,4,1,1,2,2,3,3,5,5,0,0,3,3,2,2,5,5,0,0
1,2,2,4,4,2,3,1,1,1,3,2,2,2,4,4,4,2,2,3,5,5,1,55,2,1,1,1,1,0,0,0,0,1,1,1,1,0,0,0,0,1,1,1,1,2,0,0,1,1,0,0,1,1,1,1,1,1,1,1,0,0,1,1,0,0,6.0,6.0,5,5,1,1,4,4,2,2,6,6,0,0,4,4,2,2,5,5,1,1
1,1,2,4,3,2,1,3,1,3,3,3,2,4,4,4,2,4,2,3,4,3,1,60,3,1,1,0,0,0,0,0,0,1,1,1,1,0,0,1,0,1,1,1,1,4,0,0,0,0,0,0,1,1,1,1,1,1,1,1,1,0,1,1,0,0,6.0,5.0,6,5,0,0,4,3,2,2,6,5,0,0,4,3,2,2,5,4,1,1
1,2,2,4,4,3,3,1,1,1,1,2,2,4,4,3,5,1,4,3,5,5,2,27,6,1,1,0,0,0,0,0,0,0,0,1,1,0,0,1,1,0,0,1,1,1,0,0,0,0,0,0,1,1,0,0,1,1,1,1,1,1,0,0,0,0,4.0,4.0,4,4,0,0,2,2,2,2,4,4,0,0,3,3,1,1,4,4,0,0
1,1,2,4,2,1,3,1,1,3,3,2,3,1,4,4,4,2,3,4,4,2,2,71,3,1,1,1,1,0,0,0,0,0,0,1,1,1,1,0,0,0,0,1,1,3,0,0,1,1,0,0,1,1,0,0,1,1,0,0,0,0,0,0,0,0,3.0,3.0,2,2,1,1,2,2,1,1,3,3,0,0,3,3,0,0,3,3,0,0
1,1,2,4,1,4,1,2,1,1,3,2,1,2,3,4,4,2,3,3,4,3,2,51,3,1,1,0,0,0,0,0,0,1,1,1,1,1,1,0,0,0,0,0,0,2,0,0,0,0,0,0,1,1,1,1,1,1,0,0,0,0,0,0,1,1,4.0,4.0,3,3,1,1,2,2,2,2,3,3,1,1,3,3,1,1,3,3,1,1
1,2,2,4,4,1,1,1,1,1,3,1,2,1,3,3,4,2,3,3,3,2,1,66,6,1,1,0,0,0,0,1,1,1,1,0,0,1,1,0,0,1,1,1,1,4,0,0,0,0,0,0,0,0,1,1,0,0,0,0,0,0,1,1,0,0,2.0,2.0,2,2,0,0,2,2,0,0,2,2,0,0,1,1,1,1,1,1,1,1
1,2,2,4,4,4,4,1,4,2,2,2,2,1,5,4,5,1,4,4,5,5,1,39,3,1,1,0,0,0,0,0,0,1,1,1,1,0,0,1,1,1,0,1,1,1,0,0,0,0,0,0,1,1,1,1,1,1,1,1,1,1,1,0,0,0,6.0,5.0,6,5,0,0,4,3,2,2,6,5,0,0,4,4,2,1,5,5,1,0
1,1,2,3,4,2,4,2,3,1,3,3,4,2,4,4,4,2,3,2,4,4,2,46,4,0,0,0,0,0,0,1,1,1,1,1,1,0,0,1,1,1,1,1,1,3,1,1,0,0,0,0,0,0,1,1,1,1,1,1,1,1,1,1,0,0,6.0,6.0,5,5,1,1,4,4,2,2,6,6,0,0,3,3,3,3,5,5,1,1
1,2,2,4,1,2,2,1,1,3,4,2,2,1,4,4,3,3,3,3,5,4,1,51,4,1,1,1,1,0,0,0,0,1,1,1,1,0,0,0,0,1,1,1,1,3,0,0,1,1,0,0,1,1,1,1,1,1,1,1,0,0,1,1,0,0,6.0,6.0,5,5,1,1,4,4,2,2,6,6,0,0,4,4,2,2,5,5,1,1
1,1,1,4,3,4,3,3,2,4,2,2,3,2,5,5,4,2,3,4,5,5,2,43,3,1,1,0,0,0,0,0,0,1,1,1,1,0,0,1,1,1,1,1,1,4,0,0,0,0,0,0,1,1,1,1,1,1,1,1,1,1,1,1,0,0,6.0,6.0,6,6,0,0,4,4,2,2,6,6,0,0,4,4,2,2,5,5,1,1
1,2,2,4,1,2,3,3,4,2,1,2,3,3,4,4,4,2,4,4,5,4,2,67,3,0,0,0,0,0,0,0,0,1,1,1,1,0,0,1,1,0,0,1,1,1,1,1,0,0,0,0,1,1,1,1,1,1,1,1,1,1,0,0,0,0,6.0,6.0,5,5,1,1,3,3,3,3,6,6,0,0,4,4,2,2,6,6,0,0
2,1,2,4,4,2,4,1,1,1,1,2,4,2,4,4,3,3,5,5,5,5,1,28,5,1,1,1,1,0,0,0,0,1,1,1,1,1,0,0,0,1,0,1,1,2,0,0,1,1,0,0,1,1,1,1,1,1,0,1,0,0,1,0,0,0,5.0,5.0,4,4,1,1,4,3,1,2,5,5,0,0,4,4,1,1,4,5,1,0
1,2,2,2,1,3,1,4,3,4,2,1,3,1,2,2,4,2,3,4,2,2,2,46,3,1,1,0,0,0,0,1,1,1,1,1,1,1,0,0,0,0,0,1,1,3,0,0,0,0,0,0,0,0,1,1,1,1,0,1,0,0,0,0,0,0,2.0,3.0,2,3,0,0,2,2,0,1,2,3,0,0,2,2,0,1,2,3,0,0
1,1,2,4,4,4,2,3,1,4,2,2,2,2,3,3,4,2,4,4,3,3,1,57,3,1,1,0,0,0,0,0,0,1,1,1,0,0,0,0,0,0,0,1,1,4,0,0,0,0,0,0,1,1,1,1,1,0,1,1,0,0,0,0,0,0,4.0,3.0,4,3,0,0,2,1,2,2,4,3,0,0,3,2,1,1,4,3,0,0
1,2,2,4,2,1,3,3,2,1,4,2,4,1,4,4,5,1,3,3,5,3,2,66,3,1,1,0,0,0,0,0,0,1,1,1,1,1,1,0,0,1,1,1,1,1,0,0,0,0,0,0,1,1,1,1,1,1,0,0,0,0,1,1,0,0,4.0,4.0,4,4,0,0,3,3,1,1,4,4,0,0,3,3,1,1,3,3,1,1
1,1,2,4,2,1,1,2,1,1,3,2,2,2,3,3,5,1,4,3,3,1,2,71,3,0,0,1,1,0,0,0,0,1,1,0,0,0,0,0,0,0,0,0,0,2,1,1,1,1,0,0,1,1,1,1,0,0,1,1,0,0,0,0,1,1,6.0,6.0,3,3,3,3,2,2,4,4,5,5,1,1,3,3,3,3,5,5,1,1
1,1,2,4,3,1,1,4,4,1,4,2,2,1,2,2,3,3,4,4,2,1,2,45,6,1,0,1,1,1,1,0,0,1,1,1,1,1,1,1,1,0,0,1,1,3,0,1,1,1,1,1,1,1,1,1,1,1,0,0,1,1,0,0,0,0,6.0,7.0,4,4,2,3,5,5,1,2,5,6,1,1,6,6,0,1,6,7,0,0
1,1,2,4,3,4,3,3,3,1,1,4,3,1,4,4,3,3,2,4,5,5,1,60,3,1,1,0,0,0,0,0,0,1,1,1,1,0,0,0,0,0,0,1,1,4,0,0,0,0,0,0,1,1,1,1,1,1,1,1,0,0,0,0,0,0,4.0,4.0,4,4,0,0,2,2,2,2,4,4,0,0,3,3,1,1,4,4,0,0
1,1,2,4,3,1,1,4,4,3,3,2,2,2,4,4,4,2,4,3,5,3,1,53,4,1,1,0,0,0,0,0,0,1,1,1,1,0,0,1,0,1,0,1,1,4,0,0,0,0,0,0,1,1,1,1,1,1,1,1,1,0,1,0,0,0,6.0,4.0,6,4,0,0,4,2,2,2,6,4,0,0,4,3,2,1,5,4,1,0
1,1,2,4,1,4,1,2,1,1,3,2,2,1,5,5,5,1,5,5,5,5,1,41,4,1,1,1,1,1,1,0,0,1,1,1,1,0,0,0,0,1,1,1,1,2,0,0,1,1,1,1,1,1,1,1,1,1,1,1,0,0,1,1,0,0,7.0,7.0,5,5,2,2,5,5,2,2,6,6,1,1,5,5,2,2,6,6,1,1
1,1,2,4,3,2,3,3,2,1,1,3,2,1,2,3,4,2,4,4,4,2,1,59,3,1,1,0,0,1,1,1,1,1,1,1,1,0,0,1,0,1,1,1,1,3,0,0,0,0,1,1,0,0,1,1,1,1,1,1,1,0,1,1,0,0,6.0,5.0,5,4,1,1,5,4,1,1,5,4,1,1,4,3,2,2,5,4,1,1
1,1,2,4,3,4,1,2,1,1,2,2,2,1,4,4,3,3,5,4,4,5,2,79,3,1,1,1,1,0,0,0,0,1,1,0,0,0,0,0,0,0,0,1,1,4,0,0,1,1,0,0,1,1,1,1,0,0,1,1,0,0,0,0,0,0,4.0,4.0,3,3,1,1,2,2,2,2,4,4,0,0,3,3,1,1,4,4,0,0
1,1,2,4,2,4,1,3,3,1,1,3,2,2,3,3,4,2,4,4,5,5,1,54,5,1,1,0,0,0,0,0,0,1,1,1,1,0,0,0,0,0,0,1,1,1,0,0,0,0,0,0,1,1,1,1,1,1,1,1,0,0,0,0,0,0,4.0,4.0,4,4,0,0,2,2,2,2,4,4,0,0,3,3,1,1,4,4,0,0
1,1,2,4,1,4,3,4,4,2,3,3,3,2,4,4,4,2,3,4,4,4,1,46,3,1,1,0,0,0,0,0,0,1,1,1,1,0,0,1,1,1,1,1,1,1,0,0,0,0,0,0,1,1,1,1,1,1,1,1,1,1,1,1,0,0,6.0,6.0,6,6,0,0,4,4,2,2,6,6,0,0,4,4,2,2,5,5,1,1
1,1,2,4,4,4,1,3,1,1,3,2,2,2,4,4,4,2,2,4,4,3,2,48,6,1,1,0,0,0,0,0,0,0,0,1,1,0,0,1,1,0,0,1,1,2,0,0,0,0,0,0,1,1,0,0,1,1,1,1,1,1,0,0,0,0,4.0,4.0,4,4,0,0,2,2,2,2,4,4,0,0,3,3,1,1,4,4,0,0
1,1,2,4,3,1,3,3,3,3,3,2,2,2,3,2,3,3,4,3,3,3,2,40,3,1,1,1,1,1,0,0,0,1,1,0,0,1,0,1,0,0,0,0,0,3,0,0,1,1,1,0,1,1,1,1,0,0,0,1,1,0,0,0,1,1,6.0,5.0,3,3,3,2,4,2,2,3,4,4,2,1,5,3,1,2,5,4,1,1
1,1,2,4,4,2,2,2,1,3,1,2,2,1,3,3,4,2,3,3,3,3,2,42,5,1,1,0,0,0,0,0,0,1,1,1,1,0,0,0,0,0,0,1,1,1,0,0,0,0,0,0,1,1,1,1,1,1,1,1,0,0,0,0,0,0,4.0,4.0,4,4,0,0,2,2,2,2,4,4,0,0,3,3,1,1,4,4,0,0
1,2,2,4,2,2,3,1,1,1,3,2,2,2,4,4,5,1,1,4,5,4,2,53,4,1,1,0,0,0,0,0,0,1,1,1,1,0,0,1,1,1,1,1,1,4,0,0,0,0,0,0,1,1,1,1,1,1,1,1,1,1,1,1,0,0,6.0,6.0,6,6,0,0,4,4,2,2,6,6,0,0,4,4,2,2,5,5,1,1
1,1,2,4,4,3,1,4,1,3,2,2,2,2,4,4,3,3,3,4,5,4,1,43,6,1,1,0,0,0,0,0,0,0,0,1,1,0,0,0,0,1,1,1,1,2,0,0,0,0,0,0,1,1,0,0,1,1,1,1,0,0,1,1,0,0,4.0,4.0,4,4,0,0,2,2,2,2,4,4,0,0,2,2,2,2,3,3,1,1
1,1,2,4,3,4,1,3,2,1,1,2,2,2,4,4,4,2,5,4,4,4,1,21,4,1,1,0,0,1,1,0,0,1,1,1,1,0,0,1,1,0,0,1,1,3,0,0,0,0,1,1,1,1,1,1,1,1,1,1,1,1,0,0,0,0,6.0,6.0,5,5,1,1,4,4,2,2,5,5,1,1,5,5,1,1,6,6,0,0
1,1,2,2,3,1,1,2,2,2,3,3,4,2,4,4,5,1,3,4,4,4,2,45,3,1,1,1,1,0,0,0,0,1,1,1,0,1,0,0,0,0,0,1,0,3,0,0,1,1,0,0,1,1,1,1,1,0,0,1,0,0,0,0,0,1,4.0,5.0,3,3,1,2,3,2,1,3,4,4,0,1,4,3,0,2,4,4,0,1
1,1,2,4,1,4,2,1,1,1,1,3,4,2,4,4,5,1,3,5,5,4,1,41,6,1,1,0,0,1,1,0,0,1,1,1,1,1,1,0,0,1,0,1,1,2,0,0,0,0,1,1,1,1,1,1,1,1,0,0,0,0,1,0,0,0,5.0,4.0,4,3,1,1,4,3,1,1,4,3,1,1,4,4,1,0,4,4,1,0
1,1,2,4,1,4,3,2,1,1,2,3,2,2,3,3,4,2,2,3,3,3,2,58,7,1,1,0,0,0,0,0,0,1,1,1,1,0,0,1,1,1,0,1,1,4,0,0,0,0,0,0,1,1,1,1,1,1,1,1,1,1,1,0,0,0,6.0,5.0,6,5,0,0,4,3,2,2,6,5,0,0,4,4,2,1,5,5,1,0
1,1,2,4,4,2,1,2,2,3,2,2,2,2,4,4,2,4,4,4,5,5,1,29,5,1,1,0,0,0,0,0,0,1,1,1,1,0,0,1,1,0,0,1,1,1,0,0,0,0,0,0,1,1,1,1,1,1,1,1,1,1,0,0,0,0,5.0,5.0,5,5,0,0,3,3,2,2,5,5,0,0,4,4,1,1,5,5,0,0
1,1,2,4,4,1,4,2,1,1,1,2,2,2,4,4,5,1,5,5,5,5,2,21,4,1,1,0,0,0,0,0,0,1,1,1,1,0,0,1,0,0,0,1,1,4,0,0,0,0,0,0,1,1,1,1,1,1,1,1,1,0,0,0,0,0,5.0,4.0,5,4,0,0,3,2,2,2,5,4,0,0,4,3,1,1,5,4,0,0
1,1,2,4,3,1,3,2,2,3,4,3,2,1,4,2,4,2,2,2,5,4,1,29,5,1,1,0,0,0,0,0,0,1,1,1,1,0,0,1,1,1,1,1,1,2,0,0,0,0,0,0,1,1,1,1,1,1,1,1,1,1,1,1,0,0,6.0,6.0,6,6,0,0,4,4,2,2,6,6,0,0,4,4,2,2,5,5,1,1
1,1,2,4,4,4,3,1,1,1,1,2,2,2,4,4,5,1,2,3,4,4,1,23,4,1,1,0,0,0,0,0,0,1,1,1,1,0,0,0,0,0,0,1,1,1,0,0,0,0,0,0,1,1,1,1,1,1,1,1,0,0,0,0,0,0,4.0,4.0,4,4,0,0,2,2,2,2,4,4,0,0,3,3,1,1,4,4,0,0
1,1,2,4,3,4,3,1,2,1,3,2,2,2,4,4,5,1,4,3,4,4,2,59,3,0,0,0,0,0,0,0,0,1,1,1,1,0,0,1,0,1,0,0,0,3,1,1,0,0,0,0,1,1,1,1,1,1,1,1,1,0,1,0,1,1,8.0,6.0,6,4,2,2,4,2,4,4,7,5,1,1,4,3,4,3,6,5,2,1
1,2,2,4,1,1,1,2,1,1,1,2,2,2,5,4,4,2,5,4,4,5,1,20,4,1,1,0,0,0,0,0,0,1,0,1,1,0,0,1,1,0,0,1,1,2,0,0,0,0,0,0,1,1,1,0,1,1,1,1,1,1,0,0,0,0,5.0,4.0,5,4,0,0,3,2,2,2,5,4,0,0,4,3,1,1,5,4,0,0
1,1,2,4,3,4,1,3,2,1,1,4,3,2,4,4,4,2,4,3,4,3,2,61,3,1,1,0,0,0,0,0,0,1,1,1,1,0,0,0,0,0,0,1,1,3,0,0,0,0,0,0,1,1,1,1,1,1,1,1,0,0,0,0,0,0,4.0,4.0,4,4,0,0,2,2,2,2,4,4,0,0,3,3,1,1,4,4,0,0
1,1,2,4,1,4,4,2,2,3,3,2,2,2,3,2,4,2,2,4,4,4,1,26,5,0,0,0,0,0,0,0,0,1,1,1,1,0,0,1,1,1,1,1,1,2,1,1,0,0,0,0,1,1,1,1,1,1,1,1,1,1,1,1,0,0,7.0,7.0,6,6,1,1,4,4,3,3,7,7,0,0,4,4,3,3,6,6,1,1
1,1,2,4,4,2,1,2,3,1,2,4,2,2,3,4,2,4,4,5,5,3,2,51,5,1,1,0,0,0,0,0,0,0,0,0,0,1,1,0,0,0,0,1,1,1,0,0,0,0,0,0,1,1,0,0,0,0,0,0,0,0,0,0,0,0,1.0,1.0,1,1,0,0,0,0,1,1,1,1,0,0,1,1,0,0,1,1,0,0
1,1,2,4,3,1,3,3,2,4,2,3,3,2,4,4,3,3,4,4,4,4,1,32,3,1,1,0,0,0,0,0,0,1,1,1,1,0,0,1,0,1,1,1,1,4,0,0,0,0,0,0,1,1,1,1,1,1,1,1,1,0,1,1,0,0,6.0,5.0,6,5,0,0,4,3,2,2,6,5,0,0,4,3,2,2,5,4,1,1
1,2,2,4,4,1,1,3,1,1,3,1,1,2,4,4,4,2,3,4,5,4,2,55,3,1,1,0,0,0,0,0,0,1,1,1,1,0,0,1,1,1,1,1,1,3,0,0,0,0,0,0,1,1,1,1,1,1,1,1,1,1,1,1,0,0,6.0,6.0,6,6,0,0,4,4,2,2,6,6,0,0,4,4,2,2,5,5,1,1
1,1,2,4,4,2,2,3,1,1,2,2,2,2,3,2,4,2,3,3,3,2,2,57,3,1,1,0,0,0,0,0,0,1,1,1,1,0,0,1,0,1,0,1,1,1,0,0,0,0,0,0,1,1,1,1,1,1,1,1,1,0,1,0,0,0,6.0,4.0,6,4,0,0,4,2,2,2,6,4,0,0,4,3,2,1,5,4,1,0
1,2,2,4,4,1,3,3,2,1,4,2,2,4,2,2,2,4,2,4,2,3,5,29,6,1,1,0,0,0,0,0,0,1,1,1,1,0,0,1,1,1,1,1,1,4,0,0,0,0,0,0,1,1,1,1,1,1,1,1,1,1,1,1,0,0,6.0,6.0,6,6,0,0,4,4,2,2,6,6,0,0,4,4,2,2,5,5,1,1
1,1,2,4,3,4,2,3,3,3,2,4,2,4,4,3,4,2,4,4,3,2,2,61,3,1,1,0,0,0,0,0,0,1,1,1,1,0,0,0,0,0,0,1,1,1,0,0,0,0,0,0,1,1,1,1,1,1,1,1,0,0,0,0,0,0,4.0,4.0,4,4,0,0,2,2,2,2,4,4,0,0,3,3,1,1,4,4,0,0
1,1,2,4,1,4,1,3,1,4,3,1,3,2,5,5,5,1,3,5,5,4,2,83,3,1,1,0,0,0,0,0,0,1,1,1,0,0,0,0,0,1,1,1,1,4,0,0,0,0,0,0,1,1,1,1,1,0,1,1,0,0,1,1,0,0,5.0,4.0,5,4,0,0,3,2,2,2,5,4,0,0,3,2,2,2,4,3,1,1
1,1,2,4,1,4,1,3,2,4,3,2,1,2,3,3,5,1,1,4,4,3,2,79,3,0,0,0,0,0,0,0,0,1,1,1,1,1,1,1,1,0,0,0,1,1,1,1,0,0,0,0,1,1,1,1,1,1,0,0,1,1,0,0,1,0,6.0,5.0,4,4,2,1,3,3,3,2,5,5,1,0,4,4,2,1,5,5,1,0
1,1,2,4,3,2,3,2,1,1,1,2,2,2,4,4,3,3,4,4,5,5,2,21,4,1,1,0,0,0,0,1,0,1,1,1,1,0,0,0,1,1,1,1,1,2,0,0,0,0,0,0,0,1,1,1,1,1,1,1,0,1,1,1,0,0,4.0,6.0,4,6,0,0,3,4,1,2,4,6,0,0,2,4,2,2,3,5,1,1
1,1,2,4,1,4,1,2,1,4,3,1,3,2,2,3,4,2,4,4,2,2,2,83,3,1,1,1,1,0,0,0,0,1,1,1,1,1,1,1,0,0,0,0,0,3,0,0,1,1,0,0,1,1,1,1,1,1,0,0,1,0,0,0,1,1,6.0,5.0,4,3,2,2,4,3,2,2,5,4,1,1,5,4,1,1,5,4,1,1
1,1,2,4,4,1,1,1,2,2,4,3,4,1,3,3,5,1,2,2,4,3,2,18,3,1,1,0,0,0,0,0,0,1,1,1,1,1,0,0,0,1,1,1,1,4,0,0,0,0,0,0,1,1,1,1,1,1,0,1,0,0,1,1,0,0,4.0,5.0,4,5,0,0,3,3,1,2,4,5,0,0,3,3,1,2,3,4,1,1
1,2,2,4,4,2,3,2,1,1,3,2,3,2,5,4,4,2,3,3,4,4,2,39,3,1,1,0,0,0,0,0,0,1,1,1,1,0,0,1,1,1,1,1,1,1,0,0,0,0,0,0,1,1,1,1,1,1,1,1,1,1,1,1,0,0,6.0,6.0,6,6,0,0,4,4,2,2,6,6,0,0,4,4,2,2,5,5,1,1
1,1,2,4,3,3,2,3,1,1,2,2,2,2,3,4,5,1,2,3,4,2,2,55,3,1,1,0,0,0,0,0,0,1,1,1,1,1,1,0,0,0,0,1,1,2,0,0,0,0,0,0,1,1,1,1,1,1,0,0,0,0,0,0,0,0,3.0,3.0,3,3,0,0,2,2,1,1,3,3,0,0,3,3,0,0,3,3,0,0
1,1,2,4,4,4,2,3,2,3,4,4,2,2,4,4,3,3,4,4,5,4,1,23,4,1,1,0,0,0,0,0,0,0,0,1,1,0,0,1,1,0,0,1,1,3,0,0,0,0,0,0,1,1,0,0,1,1,1,1,1,1,0,0,0,0,4.0,4.0,4,4,0,0,2,2,2,2,4,4,0,0,3,3,1,1,4,4,0,0
1,1,2,4,1,2,1,3,3,1,2,2,3,2,3,3,5,1,1,3,3,3,2,53,3,1,1,0,0,0,0,0,0,1,1,1,0,0,0,0,0,0,0,0,0,3,0,0,0,0,0,0,1,1,1,1,1,0,1,1,0,0,0,0,1,1,5.0,4.0,4,3,1,1,2,1,3,3,4,3,1,1,3,2,2,2,4,3,1,1
1,1,1,4,3,4,1,1,1,1,2,4,2,4,2,2,5,1,3,2,3,2,2,62,4,1,1,1,1,0,0,0,0,1,1,1,1,1,1,0,0,0,0,1,1,3,0,0,1,1,0,0,1,1,1,1,1,1,0,0,0,0,0,0,0,0,4.0,4.0,3,3,1,1,3,3,1,1,4,4,0,0,4,4,0,0,4,4,0,0
1,1,2,4,4,4,1,3,1,1,1,2,2,2,3,2,5,1,3,4,3,4,2,70,3,1,0,0,0,0,0,0,0,1,1,1,0,0,0,0,0,1,0,1,1,4,0,1,0,0,0,0,1,1,1,1,1,0,1,1,0,0,1,0,0,0,5.0,4.0,5,3,0,1,3,1,2,3,5,4,0,0,3,2,2,2,4,4,1,0
1,1,2,4,2,2,2,2,2,4,2,3,4,3,3,2,3,3,3,3,3,2,1,47,3,1,1,0,0,0,0,0,0,1,1,1,1,1,1,0,0,1,1,0,0,2,0,0,0,0,0,0,1,1,1,1,1,1,0,0,0,0,1,1,1,1,5.0,5.0,4,4,1,1,3,3,2,2,4,4,1,1,3,3,2,2,3,3,2,2
2,1,1,4,4,4,1,2,3,3,2,1,2,3,4,4,4,2,3,3,5,3,2,78,3,0,0,1,1,0,0,0,0,1,1,0,0,1,1,0,0,0,0,0,0,2,1,1,1,1,0,0,1,1,1,1,0,0,0,0,0,0,0,0,1,1,5.0,5.0,2,2,3,3,2,2,3,3,4,4,1,1,3,3,2,2,4,4,1,1
1,1,2,4,4,1,3,3,2,1,3,2,2,2,4,4,4,2,3,2,5,4,1,25,5,1,1,1,1,0,0,0,0,1,1,1,1,0,0,0,0,1,1,0,0,4,0,0,1,1,0,0,1,1,1,1,1,1,1,1,0,0,1,1,1,1,7.0,7.0,5,5,2,2,4,4,3,3,6,6,1,1,4,4,3,3,5,5,2,2
1,1,2,4,3,4,1,4,1,3,3,3,3,3,4,3,3,3,5,4,4,4,2,20,4,1,1,0,0,1,1,0,0,1,1,1,1,0,0,1,1,1,1,1,1,3,0,0,0,0,1,1,1,1,1,1,1,1,1,1,1,1,1,1,0,0,7.0,7.0,6,6,1,1,5,5,2,2,6,6,1,1,5,5,2,2,6,6,1,1
1,1,2,4,4,1,1,2,1,1,2,2,2,2,3,3,4,2,2,3,4,4,2,29,5,1,1,0,0,0,0,0,0,1,1,1,1,0,0,1,1,0,0,1,1,1,0,0,0,0,0,0,1,1,1,1,1,1,1,1,1,1,0,0,0,0,5.0,5.0,5,5,0,0,3,3,2,2,5,5,0,0,4,4,1,1,5,5,0,0
1,1,2,4,3,1,1,4,1,1,3,3,2,4,3,3,4,2,4,3,3,3,1,21,4,1,1,0,0,0,0,0,0,1,1,1,1,0,0,1,1,1,0,1,1,4,0,0,0,0,0,0,1,1,1,1,1,1,1,1,1,1,1,0,0,0,6.0,5.0,6,5,0,0,4,3,2,2,6,5,0,0,4,4,2,1,5,5,1,0
1,1,2,4,4,4,1,2,4,1,3,2,2,2,1,1,5,1,1,1,3,1,2,46,3,1,1,0,0,0,0,0,0,1,1,1,1,0,0,1,1,1,1,1,1,1,0,0,0,0,0,0,1,1,1,1,1,1,1,1,1,1,1,1,0,0,6.0,6.0,6,6,0,0,4,4,2,2,6,6,0,0,4,4,2,2,5,5,1,1
2,1,2,4,1,1,3,3,1,1,3,4,4,2,4,4,4,2,3,3,4,4,1,41,3,1,1,0,0,0,0,0,0,1,1,1,1,1,0,1,1,1,1,1,1,3,0,0,0,0,0,0,1,1,1,1,1,1,0,1,1,1,1,1,0,0,5.0,6.0,5,6,0,0,4,4,1,2,5,6,0,0,4,4,1,2,4,5,1,1
1,1,2,4,4,4,2,2,2,3,2,2,2,2,4,4,5,1,2,2,4,4,1,19,4,0,0,0,0,0,0,1,0,1,1,1,1,0,0,0,0,1,1,1,1,2,1,1,0,0,0,0,0,1,1,1,1,1,1,1,0,0,1,1,0,0,5.0,6.0,4,5,1,1,3,3,2,3,5,6,0,0,2,3,3,3,4,5,1,1
1,1,2,4,3,4,3,2,1,1,3,2,2,2,4,4,4,2,4,2,4,4,2,47,3,1,0,0,0,0,0,0,0,0,0,1,1,0,0,1,0,1,0,1,1,1,0,1,0,0,0,0,1,1,0,0,1,1,1,1,1,0,1,0,0,0,5.0,4.0,5,3,0,1,3,1,2,3,5,4,0,0,3,2,2,2,4,4,1,0
1,1,2,4,4,2,1,4,1,1,3,3,2,1,3,3,4,2,3,4,3,3,1,49,3,1,1,1,1,1,0,0,0,1,1,1,0,1,1,1,0,1,0,1,1,3,0,0,1,1,1,0,1,1,1,1,1,0,0,0,1,0,1,0,0,0,7.0,3.0,5,2,2,1,6,2,1,1,6,3,1,0,6,3,1,0,6,3,1,0
1,1,1,3,1,4,1,2,2,1,3,3,4,2,5,5,3,3,4,5,5,5,2,34,3,0,0,0,0,1,1,0,0,1,1,1,1,0,0,1,1,1,1,1,1,2,1,1,0,0,1,1,1,1,1,1,1,1,1,1,1,1,1,1,0,0,8.0,8.0,6,6,2,2,5,5,3,3,7,7,1,1,5,5,3,3,7,7,1,1
1,1,2,1,3,4,1,3,2,4,3,1,1,2,4,4,3,3,4,4,5,5,2,58,3,1,1,0,0,0,1,0,0,1,1,1,1,0,0,1,1,0,0,1,1,3,0,0,0,0,0,1,1,1,1,1,1,1,1,1,1,1,0,0,0,0,5.0,6.0,5,5,0,1,3,4,2,2,5,5,0,1,4,5,1,1,5,6,0,0
1,2,2,4,3,4,3,3,1,1,2,4,2,2,4,4,5,1,3,4,4,4,2,53,3,1,1,0,0,0,0,0,0,1,1,1,1,0,0,1,1,1,1,1,1,4,0,0,0,0,0,0,1,1,1,1,1,1,1,1,1,1,1,1,0,0,6.0,6.0,6,6,0,0,4,4,2,2,6,6,0,0,4,4,2,2,5,5,1,1
1,1,2,4,4,4,1,2,1,1,2,1,1,2,5,4,4,2,4,4,5,4,2,49,3,1,1,0,0,0,0,0,0,1,1,1,1,0,0,1,0,1,1,1,1,2,0,0,0,0,0,0,1,1,1,1,1,1,1,1,1,0,1,1,0,0,6.0,5.0,6,5,0,0,4,3,2,2,6,5,0,0,4,3,2,2,5,4,1,1
1,1,2,4,3,4,1,2,2,2,3,2,2,2,4,4,4,2,3,2,4,3,2,59,3,1,1,0,0,0,0,0,0,1,1,1,1,0,0,1,1,1,1,1,1,1,0,0,0,0,0,0,1,1,1,1,1,1,1,1,1,1,1,1,0,0,6.0,6.0,6,6,0,0,4,4,2,2,6,6,0,0,4,4,2,2,5,5,1,1
1,1,2,4,3,4,1,3,1,2,2,4,2,2,4,4,5,1,1,3,5,3,1,40,3,1,1,0,0,0,0,0,0,1,1,1,1,0,0,0,0,1,1,1,1,4,0,0,0,0,0,0,1,1,1,1,1,1,1,1,0,0,1,1,0,0,5.0,5.0,5,5,0,0,3,3,2,2,5,5,0,0,3,3,2,2,4,4,1,1
1,1,2,4,1,4,4,3,1,1,3,4,2,2,4,3,4,2,3,3,4,3,2,72,3,1,1,0,0,0,0,0,0,1,1,1,1,0,0,0,0,0,0,0,0,2,0,0,0,0,0,0,1,1,1,1,1,1,1,1,0,0,0,0,1,1,5.0,5.0,4,4,1,1,2,2,3,3,4,4,1,1,3,3,2,2,4,4,1,1
1,1,2,4,3,1,1,2,2,1,3,2,3,2,4,4,5,1,4,4,5,4,2,57,3,1,1,1,1,0,0,0,0,1,1,1,1,1,1,0,0,0,0,1,1,1,0,0,1,1,0,0,1,1,1,1,1,1,0,0,0,0,0,0,0,0,4.0,4.0,3,3,1,1,3,3,1,1,4,4,0,0,4,4,0,0,4,4,0,0
1,1,2,4,1,2,3,2,4,1,3,2,3,2,3,3,4,2,2,2,3,1,2,50,5,1,1,0,0,0,0,0,0,1,1,0,0,0,0,0,0,1,1,1,1,3,0,0,0,0,0,0,1,1,1,1,0,0,1,1,0,0,1,1,0,0,4.0,4.0,4,4,0,0,2,2,2,2,4,4,0,0,2,2,2,2,3,3,1,1
1,1,2,4,4,4,1,2,4,1,2,3,2,3,4,4,4,2,4,2,4,3,2,69,3,1,1,1,1,1,1,0,0,1,1,1,1,0,0,0,0,0,0,1,1,4,0,0,1,1,1,1,1,1,1,1,1,1,1,1,0,0,0,0,0,0,6.0,6.0,4,4,2,2,4,4,2,2,5,5,1,1,5,5,1,1,6,6,0,0
1,1,2,4,4,3,3,2,2,1,3,3,2,2,2,2,4,2,3,3,2,3,1,32,4,1,1,0,0,1,1,0,0,1,1,1,1,0,0,1,1,1,1,1,1,4,0,0,0,0,1,1,1,1,1,1,1,1,1,1,1,1,1,1,0,0,7.0,7.0,6,6,1,1,5,5,2,2,6,6,1,1,5,5,2,2,6,6,1,1
1,1,2,4,3,4,1,3,3,1,3,3,2,2,2,2,4,2,3,3,2,2,2,63,3,0,0,0,0,0,0,0,0,1,1,0,0,0,0,0,0,0,0,1,1,3,1,1,0,0,0,0,1,1,1,1,0,0,1,1,0,0,0,0,0,0,4.0,4.0,3,3,1,1,1,1,3,3,4,4,0,0,2,2,2,2,4,4,0,0
2,2,2,4,4,1,4,3,3,2,3,1,4,1,5,5,4,2,3,3,4,3,1,29,3,1,1,0,0,0,0,1,1,1,1,1,1,1,0,0,0,1,1,1,1,2,0,0,0,0,0,0,0,0,1,1,1,1,0,1,0,0,1,1,0,0,3.0,4.0,3,4,0,0,3,3,0,1,3,4,0,0,2,2,1,2,2,3,1,1
1,1,2,4,1,4,1,3,1,1,1,4,2,2,4,4,5,1,4,4,4,5,1,27,4,1,1,0,0,0,0,0,0,1,1,1,1,0,0,1,1,1,1,1,1,1,0,0,0,0,0,0,1,1,1,1,1,1,1,1,1,1,1,1,0,0,6.0,6.0,6,6,0,0,4,4,2,2,6,6,0,0,4,4,2,2,5,5,1,1
1,1,2,4,4,2,1,1,2,3,2,2,2,2,2,2,4,2,5,4,5,4,2,21,4,1,1,0,0,0,0,0,0,1,1,1,1,0,0,1,1,1,0,1,1,3,0,0,0,0,0,0,1,1,1,1,1,1,1,1,1,1,1,0,0,0,6.0,5.0,6,5,0,0,4,3,2,2,6,5,0,0,4,4,2,1,5,5,1,0
1,1,2,4,1,2,4,2,1,1,2,1,4,2,4,4,5,1,1,3,4,3,1,65,3,1,1,0,0,0,0,0,0,1,1,0,0,0,0,0,0,0,0,1,1,1,0,0,0,0,0,0,1,1,1,1,0,0,1,1,0,0,0,0,0,0,3.0,3.0,3,3,0,0,1,1,2,2,3,3,0,0,2,2,1,1,3,3,0,0
1,1,2,4,1,4,1,3,1,1,1,2,2,2,4,3,4,2,4,4,3,4,2,50,4,1,1,0,0,0,0,0,0,1,1,1,1,1,1,0,0,1,1,1,1,2,0,0,0,0,0,0,1,1,1,1,1,1,0,0,0,0,1,1,0,0,4.0,4.0,4,4,0,0,3,3,1,1,4,4,0,0,3,3,1,1,3,3,1,1
1,1,2,4,4,1,3,2,1,1,1,2,2,2,2,3,3,3,2,2,4,3,2,51,3,1,1,0,0,0,0,0,0,1,1,1,1,1,0,1,1,0,0,1,1,2,0,0,0,0,0,0,1,1,1,1,1,1,0,1,1,1,0,0,0,0,4.0,5.0,4,5,0,0,3,3,1,2,4,5,0,0,4,4,0,1,4,5,0,0
1,1,2,4,1,2,3,2,1,1,1,4,1,4,4,4,3,3,4,4,5,4,2,62,3,1,1,1,1,1,1,0,0,1,1,1,1,1,1,0,0,0,0,1,1,3,0,0,1,1,1,1,1,1,1,1,1,1,0,0,0,0,0,0,0,0,5.0,5.0,3,3,2,2,4,4,1,1,4,4,1,1,5,5,0,0,5,5,0,0
1,1,1,2,4,2,1,3,3,1,1,3,1,3,5,4,5,1,3,4,5,5,1,26,5,1,1,1,1,0,0,1,1,0,0,1,1,1,0,1,1,0,0,0,0,4,0,0,1,1,0,0,0,0,0,0,1,1,0,1,1,1,0,0,1,1,4.0,5.0,2,3,2,2,3,3,1,2,3,4,1,1,3,3,1,2,3,4,1,1
1,1,2,4,2,1,2,3,1,3,4,2,2,2,4,4,4,2,3,3,5,5,1,19,4,1,1,0,0,0,0,0,0,1,1,1,1,0,0,0,0,1,1,1,1,1,0,0,0,0,0,0,1,1,1,1,1,1,1,1,0,0,1,1,0,0,5.0,5.0,5,5,0,0,3,3,2,2,5,5,0,0,3,3,2,2,4,4,1,1
1,1,1,4,4,4,4,3,1,1,1,2,2,2,2,2,4,2,3,3,5,2,2,29,2,1,1,0,0,0,0,0,0,1,1,1,1,0,0,1,1,0,0,1,1,2,0,0,0,0,0,0,1,1,1,1,1,1,1,1,1,1,0,0,0,0,5.0,5.0,5,5,0,0,3,3,2,2,5,5,0,0,4,4,1,1,5,5,0,0
1,1,2,4,4,4,1,3,1,1,2,2,2,2,4,2,4,2,4,4,4,3,1,22,4,1,0,0,0,0,0,0,0,1,1,1,1,0,0,1,1,1,0,1,1,4,0,1,0,0,0,0,1,1,1,1,1,1,1,1,1,1,1,0,0,0,6.0,6.0,6,5,0,1,4,3,2,3,6,6,0,0,4,4,2,2,5,6,1,0
2,2,2,4,2,1,3,1,1,1,3,1,4,4,4,4,5,1,4,5,5,4,1,42,3,1,1,0,0,0,0,0,0,1,1,1,1,0,0,1,1,1,1,1,1,4,0,0,0,0,0,0,1,1,1,1,1,1,1,1,1,1,1,1,0,0,6.0,6.0,6,6,0,0,4,4,2,2,6,6,0,0,4,4,2,2,5,5,1,1
1,1,2,4,4,4,3,3,1,2,2,1,2,2,3,3,4,2,3,4,3,3,2,45,3,1,0,0,0,0,0,0,0,1,1,1,1,0,0,0,0,1,0,1,1,1,0,1,0,0,0,0,1,1,1,1,1,1,1,1,0,0,1,0,0,0,5.0,5.0,5,4,0,1,3,2,2,3,5,5,0,0,3,3,2,2,4,5,1,0
1,1,2,4,3,4,1,3,1,1,2,2,1,2,3,2,5,1,1,3,4,3,2,63,3,1,1,0,0,0,0,0,0,1,1,1,1,0,0,0,0,0,0,1,1,3,0,0,0,0,0,0,1,1,1,1,1,1,1,1,0,0,0,0,0,0,4.0,4.0,4,4,0,0,2,2,2,2,4,4,0,0,3,3,1,1,4,4,0,0
1,1,2,4,1,1,3,3,1,1,2,2,2,2,5,4,3,3,4,4,5,5,2,27,3,1,1,0,0,0,0,0,0,1,1,1,1,0,0,1,1,1,1,1,1,2,0,0,0,0,0,0,1,1,1,1,1,1,1,1,1,1,1,1,0,0,6.0,6.0,6,6,0,0,4,4,2,2,6,6,0,0,4,4,2,2,5,5,1,1
1,1,1,1,4,4,1,3,2,4,3,3,4,2,2,2,4,2,3,4,1,1,1,63,3,1,1,1,0,0,0,0,0,1,1,0,0,0,0,0,0,0,0,1,1,2,0,0,1,0,0,0,1,1,1,1,0,0,1,1,0,0,0,0,0,0,4.0,3.0,3,3,1,0,2,1,2,2,4,3,0,0,3,2,1,1,4,3,0,0
1,1,2,4,3,1,1,3,3,1,1,1,2,2,3,2,4,2,2,3,3,3,2,64,3,0,0,0,0,0,0,0,0,1,1,0,0,0,0,0,0,0,0,1,1,4,1,1,0,0,0,0,1,1,1,1,0,0,1,1,0,0,0,0,0,0,4.0,4.0,3,3,1,1,1,1,3,3,4,4,0,0,2,2,2,2,4,4,0,0
1,2,2,1,2,1,2,4,3,3,1,3,2,1,4,3,4,2,3,3,4,2,2,29,3,1,0,0,0,0,0,0,0,0,0,1,1,0,0,0,0,0,0,1,1,1,0,1,0,0,0,0,1,1,0,0,1,1,1,1,0,0,0,0,0,0,3.0,4.0,3,3,0,1,1,1,2,3,3,4,0,0,2,2,1,2,3,4,0,0
1,1,2,4,4,2,4,3,1,1,1,1,2,2,3,3,4,2,2,4,4,1,2,69,3,1,1,0,0,0,0,0,0,1,1,1,1,0,0,0,0,1,1,0,0,1,0,0,0,0,0,0,1,1,1,1,1,1,1,1,0,0,1,1,1,1,6.0,6.0,5,5,1,1,3,3,3,3,5,5,1,1,3,3,3,3,4,4,2,2
2,1,2,4,1,1,3,4,4,1,1,2,2,3,3,3,3,3,3,3,3,3,2,40,6,1,1,0,0,0,0,0,0,0,0,1,1,0,0,0,0,0,0,1,1,2,0,0,0,0,0,0,1,1,0,0,1,1,1,1,0,0,0,0,0,0,3.0,3.0,3,3,0,0,1,1,2,2,3,3,0,0,2,2,1,1,3,3,0,0
1,1,2,4,2,3,3,4,1,1,1,2,2,2,5,5,4,2,4,4,5,5,1,24,5,1,1,0,0,0,0,0,0,1,1,1,1,0,0,1,1,0,0,1,1,3,0,0,0,0,0,0,1,1,1,1,1,1,1,1,1,1,0,0,0,0,5.0,5.0,5,5,0,0,3,3,2,2,5,5,0,0,4,4,1,1,5,5,0,0
1,1,2,4,1,4,1,3,1,1,1,2,2,2,3,3,4,2,2,3,4,4,1,29,5,1,1,0,0,0,0,0,0,1,1,1,1,1,0,1,0,1,0,1,1,4,0,0,0,0,0,0,1,1,1,1,1,1,0,1,1,0,1,0,0,0,5.0,4.0,5,4,0,0,4,2,1,2,5,4,0,0,4,3,1,1,4,4,1,0
1,1,2,4,1,1,3,1,1,1,2,2,2,2,4,4,5,1,4,4,4,5,1,18,4,1,1,0,0,0,0,0,0,1,1,0,1,1,0,0,1,1,1,1,1,3,0,0,0,0,0,0,1,1,1,1,0,1,0,1,0,1,1,1,0,0,3.0,6.0,3,6,0,0,2,4,1,2,3,6,0,0,2,4,1,2,2,5,1,1
1,1,2,4,1,1,1,3,1,1,4,4,3,2,4,3,2,4,3,3,5,3,1,28,4,1,1,1,0,0,0,1,1,1,1,1,0,0,0,0,0,0,0,0,0,2,0,0,1,0,0,0,0,0,1,1,1,0,1,1,0,0,0,0,1,1,5.0,3.0,3,2,2,1,3,1,2,2,4,2,1,1,3,1,2,2,4,2,1,1
1,1,2,4,1,1,1,2,1,4,1,2,2,2,4,4,4,2,2,3,5,4,1,27,4,1,1,0,0,0,0,0,0,1,1,1,1,0,0,1,1,1,0,1,1,1,0,0,0,0,0,0,1,1,1,1,1,1,1,1,1,1,1,0,0,0,6.0,5.0,6,5,0,0,4,3,2,2,6,5,0,0,4,4,2,1,5,5,1,0
1,1,2,4,3,1,1,3,1,1,1,3,2,1,4,3,4,2,5,3,4,3,1,18,2,1,1,0,0,0,0,0,0,0,0,1,1,0,0,1,1,1,1,1,1,2,0,0,0,0,0,0,1,1,0,0,1,1,1,1,1,1,1,1,0,0,5.0,5.0,5,5,0,0,3,3,2,2,5,5,0,0,3,3,2,2,4,4,1,1
1,2,2,4,1,3,3,2,1,2,2,2,2,2,5,5,5,1,4,4,5,5,1,20,4,1,1,0,0,0,0,0,0,1,1,1,1,0,0,1,1,1,0,1,1,4,0,0,0,0,0,0,1,1,1,1,1,1,1,1,1,1,1,0,0,0,6.0,5.0,6,5,0,0,4,3,2,2,6,5,0,0,4,4,2,1,5,5,1,0
1,1,1,4,4,1,3,4,1,1,3,2,3,2,4,4,5,1,2,4,4,4,1,26,4,1,1,0,0,0,0,0,0,1,1,1,1,0,0,1,0,0,0,1,1,1,0,0,0,0,0,0,1,1,1,1,1,1,1,1,1,0,0,0,0,0,5.0,4.0,5,4,0,0,3,2,2,2,5,4,0,0,4,3,1,1,5,4,0,0
1,1,2,4,3,1,1,3,2,3,4,2,2,2,4,2,2,4,2,3,5,5,1,25,4,1,1,0,0,0,0,0,0,1,1,0,0,0,0,0,0,1,1,1,1,4,0,0,0,0,0,0,1,1,1,1,0,0,1,1,0,0,1,1,0,0,4.0,4.0,4,4,0,0,2,2,2,2,4,4,0,0,2,2,2,2,3,3,1,1
1,2,2,4,4,1,1,2,1,4,3,1,2,2,4,4,3,3,3,3,4,4,1,21,4,1,1,0,0,0,0,0,0,1,0,1,1,0,0,1,1,1,0,1,1,3,0,0,0,0,0,0,1,1,1,0,1,1,1,1,1,1,1,0,0,0,6.0,4.0,6,4,0,0,4,2,2,2,6,4,0,0,4,3,2,1,5,4,1,0
1,1,1,4,3,4,3,3,3,1,3,2,3,2,2,2,5,1,2,4,2,3,1,23,4,0,0,0,0,1,1,0,0,1,1,1,1,0,0,0,0,0,0,1,1,2,1,1,0,0,1,1,1,1,1,1,1,1,1,1,0,0,0,0,0,0,6.0,6.0,4,4,2,2,3,3,3,3,5,5,1,1,4,4,2,2,6,6,0,0
1,1,2,4,4,3,1,2,4,3,3,2,2,2,4,3,3,3,4,3,3,4,1,26,6,1,1,0,0,0,0,0,0,1,1,1,1,0,0,1,1,1,1,1,1,1,0,0,0,0,0,0,1,1,1,1,1,1,1,1,1,1,1,1,0,0,6.0,6.0,6,6,0,0,4,4,2,2,6,6,0,0,4,4,2,2,5,5,1,1
1,2,2,4,4,1,3,2,3,1,3,3,2,1,3,3,3,3,3,4,4,3,1,21,4,1,1,0,0,0,0,0,0,1,0,1,1,0,0,1,1,1,1,1,1,3,0,0,0,0,0,0,1,1,1,0,1,1,1,1,1,1,1,1,0,0,6.0,5.0,6,5,0,0,4,3,2,2,6,5,0,0,4,3,2,2,5,4,1,1
1,1,2,1,3,1,3,3,3,1,3,3,2,2,3,4,4,2,3,4,4,3,1,22,4,1,1,0,0,0,0,0,0,0,0,1,1,1,0,0,1,1,1,1,1,4,0,0,0,0,0,0,1,1,0,0,1,1,0,1,0,1,1,1,0,0,3.0,5.0,3,5,0,0,2,3,1,2,3,5,0,0,2,3,1,2,2,4,1,1
1,1,2,4,4,1,1,1,1,1,1,2,2,2,2,3,3,3,4,4,4,3,1,28,4,1,1,0,0,0,0,0,0,1,1,1,1,0,0,1,1,1,1,1,1,3,0,0,0,0,0,0,1,1,1,1,1,1,1,1,1,1,1,1,0,0,6.0,6.0,6,6,0,0,4,4,2,2,6,6,0,0,4,4,2,2,5,5,1,1
1,1,2,4,1,4,1,2,1,1,2,3,2,2,4,4,4,2,3,3,5,5,1,26,4,1,1,0,0,0,0,0,0,1,1,1,1,0,0,1,0,1,0,1,1,4,0,0,0,0,0,0,1,1,1,1,1,1,1,1,1,0,1,0,0,0,6.0,4.0,6,4,0,0,4,2,2,2,6,4,0,0,4,3,2,1,5,4,1,0
1,1,2,4,3,4,3,3,1,1,1,2,2,2,3,2,4,2,2,2,4,3,2,41,4,1,1,0,0,0,0,0,0,1,1,1,0,0,0,1,0,1,0,1,1,2,0,0,0,0,0,0,1,1,1,1,1,0,1,1,1,0,1,0,0,0,6.0,3.0,6,3,0,0,4,1,2,2,6,3,0,0,4,2,2,1,5,3,1,0
1,1,2,4,1,3,3,3,1,1,1,3,2,2,4,4,4,2,3,4,4,4,1,22,4,1,1,0,0,0,0,0,0,0,0,1,1,0,0,1,1,1,0,1,1,1,0,0,0,0,0,0,1,1,0,0,1,1,1,1,1,1,1,0,0,0,5.0,4.0,5,4,0,0,3,2,2,2,5,4,0,0,3,3,2,1,4,4,1,0
1,1,2,4,4,1,1,2,3,1,3,2,2,2,4,4,3,3,3,3,5,4,1,24,5,1,1,0,0,0,0,0,0,1,0,1,1,0,0,1,1,0,0,1,1,1,0,0,0,0,0,0,1,1,1,0,1,1,1,1,1,1,0,0,0,0,5.0,4.0,5,4,0,0,3,2,2,2,5,4,0,0,4,3,1,1,5,4,0,0
1,2,2,4,4,3,1,4,4,1,3,1,3,1,3,4,5,1,3,3,3,3,1,22,2,1,1,0,0,0,0,0,0,1,1,1,1,0,0,1,1,1,1,1,1,3,0,0,0,0,0,0,1,1,1,1,1,1,1,1,1,1,1,1,0,0,6.0,6.0,6,6,0,0,4,4,2,2,6,6,0,0,4,4,2,2,5,5,1,1
2,2,2,4,3,3,3,1,1,1,1,2,2,2,4,4,4,2,4,3,5,3,2,33,5,1,1,0,0,0,0,0,0,1,1,1,1,0,0,0,0,1,0,1,1,2,0,0,0,0,0,0,1,1,1,1,1,1,1,1,0,0,1,0,0,0,5.0,4.0,5,4,0,0,3,2,2,2,5,4,0,0,3,3,2,1,4,4,1,0
1,2,1,4,4,1,4,2,1,1,1,2,2,2,4,2,4,2,4,3,3,4,1,26,5,1,1,0,0,1,0,1,0,1,1,1,1,0,0,1,1,0,0,1,1,3,0,0,0,0,1,0,0,1,1,1,1,1,1,1,1,1,0,0,0,0,5.0,5.0,4,5,1,0,4,3,1,2,4,5,1,0,4,4,1,1,5,5,0,0
1,1,1,3,1,1,3,1,4,3,3,3,4,2,3,4,4,2,3,4,5,4,1,42,4,1,1,0,0,0,0,0,0,1,1,1,1,1,1,0,0,1,1,1,1,2,0,0,0,0,0,0,1,1,1,1,1,1,0,0,0,0,1,1,0,0,4.0,4.0,4,4,0,0,3,3,1,1,4,4,0,0,3,3,1,1,3,3,1,1
1,1,2,4,4,4,3,3,1,1,2,2,2,2,4,4,3,3,3,3,5,5,1,45,6,1,0,0,0,0,0,0,0,1,0,1,1,0,0,1,0,1,0,1,1,1,0,1,0,0,0,0,1,1,1,0,1,1,1,1,1,0,1,0,0,0,6.0,4.0,6,3,0,1,4,1,2,3,6,4,0,0,4,2,2,2,5,4,1,0
1,1,1,2,3,3,1,1,3,2,4,1,2,1,2,3,1,5,2,2,3,4,1,33,5,1,1,0,0,0,0,0,1,1,1,1,1,0,0,1,1,1,1,1,1,1,0,0,0,0,0,0,1,0,1,1,1,1,1,1,1,1,1,1,0,0,6.0,5.0,6,5,0,0,4,4,2,1,6,5,0,0,4,3,2,2,5,4,1,1
1,2,2,4,1,3,3,4,1,2,1,2,2,4,2,2,5,1,2,2,4,2,2,43,7,1,1,0,0,0,0,0,0,1,1,1,1,0,0,1,1,1,0,1,1,2,0,0,0,0,0,0,1,1,1,1,1,1,1,1,1,1,1,0,0,0,6.0,5.0,6,5,0,0,4,3,2,2,6,5,0,0,4,4,2,1,5,5,1,0
1,1,2,4,3,4,1,2,2,3,1,2,2,2,5,5,3,3,4,4,5,4,2,46,6,1,1,0,0,0,0,0,0,1,1,1,1,0,0,1,0,1,1,1,1,2,0,0,0,0,0,0,1,1,1,1,1,1,1,1,1,0,1,1,0,0,6.0,5.0,6,5,0,0,4,3,2,2,6,5,0,0,4,3,2,2,5,4,1,1
1,1,2,4,2,1,3,2,1,3,1,2,3,2,4,4,4,2,3,4,5,4,1,34,4,1,1,0,0,0,0,0,0,1,1,1,1,0,0,1,1,1,1,1,1,1,0,0,0,0,0,0,1,1,1,1,1,1,1,1,1,1,1,1,0,0,6.0,6.0,6,6,0,0,4,4,2,2,6,6,0,0,4,4,2,2,5,5,1,1
1,1,2,4,4,2,3,1,2,1,1,2,2,2,4,4,5,1,3,3,5,4,2,40,4,1,1,0,0,0,0,0,0,1,1,1,1,0,0,0,0,0,0,1,1,4,0,0,0,0,0,0,1,1,1,1,1,1,1,1,0,0,0,0,0,0,4.0,4.0,4,4,0,0,2,2,2,2,4,4,0,0,3,3,1,1,4,4,0,0
1,1,1,4,4,4,1,4,1,3,2,4,2,2,4,3,5,1,1,2,4,4,1,37,6,1,1,0,0,0,0,0,0,1,1,1,1,0,0,1,1,1,1,1,1,4,0,0,0,0,0,0,1,1,1,1,1,1,1,1,1,1,1,1,0,0,6.0,6.0,6,6,0,0,4,4,2,2,6,6,0,0,4,4,2,2,5,5,1,1
1,1,2,4,4,2,1,2,1,1,2,2,2,2,1,1,4,2,2,3,2,2,1,43,4,1,0,1,0,0,0,0,0,1,1,1,1,0,0,0,0,0,0,0,0,3,0,1,1,0,0,0,1,1,1,1,1,1,1,1,0,0,0,0,1,1,6.0,6.0,4,4,2,2,3,2,3,4,5,5,1,1,4,3,2,3,5,5,1,1
1,1,2,4,3,3,2,1,1,3,4,2,2,2,4,4,3,3,4,4,5,4,1,36,4,1,1,0,0,1,0,0,0,1,1,1,1,0,0,1,1,1,0,1,1,3,0,0,0,0,1,0,1,1,1,1,1,1,1,1,1,1,1,0,0,0,7.0,5.0,6,5,1,0,5,3,2,2,6,5,1,0,5,4,2,1,6,5,1,0
1,2,2,4,1,2,2,1,1,1,2,2,2,2,2,2,4,2,3,3,2,3,2,44,5,0,0,0,0,0,0,0,0,1,1,1,1,0,0,1,1,1,0,1,1,4,1,1,0,0,0,0,1,1,1,1,1,1,1,1,1,1,1,0,0,0,7.0,6.0,6,5,1,1,4,3,3,3,7,6,0,0,4,4,3,2,6,6,1,0
1,2,2,4,2,2,3,2,1,2,3,2,2,2,4,4,3,3,2,4,5,4,1,36,4,0,0,0,0,0,0,1,1,0,0,0,0,1,1,0,0,0,0,0,0,1,1,1,0,0,0,0,0,0,0,0,0,0,0,0,0,0,0,0,1,1,2.0,2.0,0,0,2,2,0,0,2,2,1,1,1,1,0,0,2,2,1,1,1,1
1,1,2,4,3,4,1,2,2,2,2,2,2,2,1,1,4,2,2,3,2,2,2,43,7,0,0,0,0,0,0,0,0,1,1,1,1,0,0,0,0,0,0,1,1,2,1,1,0,0,0,0,1,1,1,1,1,1,1,1,0,0,0,0,0,0,5.0,5.0,4,4,1,1,2,2,3,3,5,5,0,0,3,3,2,2,5,5,0,0
1,1,2,4,3,2,3,2,3,1,2,2,2,2,2,2,5,1,3,4,4,3,1,40,7,1,1,0,0,0,0,0,0,1,1,1,1,0,0,1,1,1,1,1,1,1,0,0,0,0,0,0,1,1,1,1,1,1,1,1,1,1,1,1,0,0,6.0,6.0,6,6,0,0,4,4,2,2,6,6,0,0,4,4,2,2,5,5,1,1
1,1,2,4,4,4,3,3,2,1,3,2,2,2,4,5,4,2,4,5,5,5,1,39,6,1,1,0,0,0,0,0,0,1,1,1,1,0,0,1,1,1,0,1,1,3,0,0,0,0,0,0,1,1,1,1,1,1,1,1,1,1,1,0,0,0,6.0,5.0,6,5,0,0,4,3,2,2,6,5,0,0,4,4,2,1,5,5,1,0
1,1,1,4,4,4,1,3,2,2,1,3,3,4,4,4,4,2,3,3,5,4,1,37,6,1,1,0,0,1,0,0,0,1,1,1,1,0,0,0,0,1,1,0,0,4,0,0,0,0,1,0,1,1,1,1,1,1,1,1,0,0,1,1,1,1,7.0,6.0,5,5,2,1,4,3,3,3,5,5,2,1,4,3,3,3,5,4,2,2
1,1,2,4,3,4,3,3,2,1,2,2,2,2,4,4,4,2,3,4,5,4,2,45,7,1,1,0,0,0,0,0,0,1,1,1,1,1,1,1,1,1,1,1,1,4,0,0,0,0,0,0,1,1,1,1,1,1,0,0,1,1,1,1,0,0,5.0,5.0,5,5,0,0,4,4,1,1,5,5,0,0,4,4,1,1,4,4,1,1
1,1,2,4,3,4,1,3,2,1,3,2,2,2,4,3,4,2,4,4,4,3,1,31,5,1,1,0,0,0,0,0,0,1,1,1,0,0,0,1,0,0,0,1,0,1,0,0,0,0,0,0,1,1,1,1,1,0,1,1,1,0,0,0,0,1,5.0,4.0,5,3,0,1,3,1,2,3,5,3,0,1,4,2,1,2,5,3,0,1
1,1,2,4,3,4,1,3,2,3,2,3,3,2,4,5,5,1,2,4,4,4,2,49,4,1,1,0,0,0,0,0,0,1,1,1,1,0,0,1,1,1,1,1,1,4,0,0,0,0,0,0,1,1,1,1,1,1,1,1,1,1,1,1,0,0,6.0,6.0,6,6,0,0,4,4,2,2,6,6,0,0,4,4,2,2,5,5,1,1
1,1,2,4,4,4,2,3,2,1,2,3,2,4,5,4,5,1,3,2,5,4,1,48,5,1,1,1,0,0,0,0,0,1,1,1,1,0,0,0,0,1,1,1,1,3,0,0,1,0,0,0,1,1,1,1,1,1,1,1,0,0,1,1,0,0,6.0,5.0,5,5,1,0,4,3,2,2,6,5,0,0,4,3,2,2,5,4,1,1
1,2,2,4,4,4,3,4,4,3,1,2,2,2,5,5,3,3,4,4,5,5,1,32,6,1,1,0,0,0,0,0,0,1,1,1,1,0,0,1,1,1,0,1,1,4,0,0,0,0,0,0,1,1,1,1,1,1,1,1,1,1,1,0,0,0,6.0,5.0,6,5,0,0,4,3,2,2,6,5,0,0,4,4,2,1,5,5,1,0
1,2,2,4,1,1,1,2,1,1,1,2,2,2,4,4,4,2,3,2,4,3,1,30,5,0,0,1,0,0,0,0,0,1,1,1,1,1,0,1,0,1,0,1,1,2,1,1,1,0,0,0,1,1,1,1,1,1,0,1,1,0,1,0,0,0,7.0,5.0,5,4,2,1,5,2,2,3,7,5,0,0,5,3,2,2,6,5,1,0
1,2,2,4,4,4,3,3,1,1,1,2,3,2,4,4,5,1,4,4,4,3,1,42,6,1,1,0,0,0,0,0,0,1,0,1,1,0,0,1,1,1,0,1,1,1,0,0,0,0,0,0,1,1,1,0,1,1,1,1,1,1,1,0,0,0,6.0,4.0,6,4,0,0,4,2,2,2,6,4,0,0,4,3,2,1,5,4,1,0
1,1,2,4,3,4,1,3,1,4,3,2,2,2,3,3,5,1,3,4,5,5,1,36,6,1,1,1,0,0,0,0,0,1,1,1,0,0,0,0,0,0,0,1,1,2,0,0,1,0,0,0,1,1,1,1,1,0,1,1,0,0,0,0,0,0,5.0,3.0,4,3,1,0,3,1,2,2,5,3,0,0,4,2,1,1,5,3,0,0
1,1,2,4,4,3,1,3,2,1,2,2,2,2,4,3,4,2,3,4,4,2,1,37,6,1,1,0,0,0,0,1,0,0,0,1,1,0,0,1,0,0,0,1,1,3,0,0,0,0,0,0,0,1,0,0,1,1,1,1,1,0,0,0,0,0,3.0,3.0,3,3,0,0,2,1,1,2,3,3,0,0,2,2,1,1,3,3,0,0
1,1,1,4,3,4,4,3,3,2,2,2,1,2,4,3,4,2,3,4,4,4,1,44,6,1,1,1,1,0,0,0,0,1,1,1,1,1,1,1,0,0,0,1,1,1,0,0,1,1,0,0,1,1,1,1,1,1,0,0,1,0,0,0,0,0,5.0,4.0,4,3,1,1,4,3,1,1,5,4,0,0,5,4,0,0,5,4,0,0
1,2,2,2,4,3,3,3,1,1,4,4,2,2,4,4,4,2,4,4,5,4,1,31,6,1,1,1,0,0,0,1,0,1,1,1,1,0,0,1,1,1,1,1,1,3,0,0,1,0,0,0,0,1,1,1,1,1,1,1,1,1,1,1,0,0,6.0,6.0,5,6,1,0,5,4,1,2,6,6,0,0,4,4,2,2,5,5,1,1
1,1,2,4,4,3,1,2,1,1,4,2,2,2,4,4,5,1,2,2,4,4,1,38,7,1,1,0,0,0,0,0,0,1,1,1,1,0,0,1,1,1,0,1,1,2,0,0,0,0,0,0,1,1,1,1,1,1,1,1,1,1,1,0,0,0,6.0,5.0,6,5,0,0,4,3,2,2,6,5,0,0,4,4,2,1,5,5,1,0
1,1,2,4,2,1,3,1,1,4,2,4,2,2,4,4,4,2,4,4,4,4,1,31,5,1,1,0,0,0,0,0,0,1,1,1,1,0,0,1,1,1,1,1,1,3,0,0,0,0,0,0,1,1,1,1,1,1,1,1,1,1,1,1,0,0,6.0,6.0,6,6,0,0,4,4,2,2,6,6,0,0,4,4,2,2,5,5,1,1
1,1,2,4,1,4,3,4,1,1,2,3,3,1,4,4,3,3,4,3,3,3,2,59,3,1,1,0,0,0,0,0,0,1,1,1,1,0,0,0,0,1,1,1,1,1,0,0,0,0,0,0,1,1,1,1,1,1,1,1,0,0,1,1,0,0,5.0,5.0,5,5,0,0,3,3,2,2,5,5,0,0,3,3,2,2,4,4,1,1
1,2,2,4,3,4,4,3,2,1,1,2,3,2,3,3,4,2,3,3,4,2,2,48,7,1,1,0,0,0,0,0,0,1,0,1,1,0,0,1,1,1,0,1,1,2,0,0,0,0,0,0,1,1,1,0,1,1,1,1,1,1,1,0,0,0,6.0,4.0,6,4,0,0,4,2,2,2,6,4,0,0,4,3,2,1,5,4,1,0
1,1,2,4,1,2,1,4,1,1,2,4,2,2,5,5,4,2,3,4,5,4,1,41,4,1,1,0,0,0,0,0,0,1,1,1,1,0,0,1,1,0,0,1,1,4,0,0,0,0,0,0,1,1,1,1,1,1,1,1,1,1,0,0,0,0,5.0,5.0,5,5,0,0,3,3,2,2,5,5,0,0,4,4,1,1,5,5,0,0
1,1,2,4,4,1,1,3,4,4,3,2,3,1,3,3,5,1,3,4,5,5,1,33,3,0,0,0,0,0,0,1,1,0,0,1,1,1,1,0,0,0,0,1,1,1,1,1,0,0,0,0,0,0,0,0,1,1,0,0,0,0,0,0,0,0,2.0,2.0,1,1,1,1,1,1,1,1,2,2,0,0,1,1,1,1,2,2,0,0
1,1,2,4,3,4,3,2,1,3,3,2,2,2,4,4,4,2,3,3,5,4,1,30,5,1,1,0,0,0,0,0,0,1,1,1,1,0,0,1,1,1,0,1,1,4,0,0,0,0,0,0,1,1,1,1,1,1,1,1,1,1,1,0,0,0,6.0,5.0,6,5,0,0,4,3,2,2,6,5,0,0,4,4,2,1,5,5,1,0
1,1,2,4,3,4,1,3,1,3,1,2,2,2,4,4,3,3,3,4,5,4,2,46,6,1,0,0,0,0,0,0,0,1,1,1,1,0,0,1,1,0,0,1,1,2,0,1,0,0,0,0,1,1,1,1,1,1,1,1,1,1,0,0,0,0,5.0,6.0,5,5,0,1,3,3,2,3,5,6,0,0,4,4,1,2,5,6,0,0
1,1,2,4,1,3,3,3,1,3,2,3,2,2,4,5,4,2,4,4,5,5,1,30,4,1,1,0,0,0,0,0,0,1,1,1,1,0,0,1,1,1,1,1,1,1,0,0,0,0,0,0,1,1,1,1,1,1,1,1,1,1,1,1,0,0,6.0,6.0,6,6,0,0,4,4,2,2,6,6,0,0,4,4,2,2,5,5,1,1
1,1,2,4,4,4,3,1,1,1,3,2,2,2,4,4,4,2,3,3,5,4,2,40,6,1,1,1,1,0,0,0,0,1,1,1,1,0,0,0,0,1,0,0,0,2,0,0,1,1,0,0,1,1,1,1,1,1,1,1,0,0,1,0,1,1,7.0,6.0,5,4,2,2,4,3,3,3,6,5,1,1,4,4,3,2,5,5,2,1
1,1,2,4,4,3,3,1,3,2,1,1,3,2,4,4,4,2,3,4,5,4,1,36,4,1,1,1,1,0,0,1,1,1,1,1,1,0,0,0,0,1,1,1,1,4,0,0,1,1,0,0,0,0,1,1,1,1,1,1,0,0,1,1,0,0,5.0,5.0,4,4,1,1,4,4,1,1,5,5,0,0,3,3,2,2,4,4,1,1
1,1,2,4,3,2,1,3,4,3,2,2,2,2,3,4,4,2,3,4,4,3,2,39,4,0,0,0,0,0,0,0,0,1,1,1,0,1,1,1,1,0,0,1,1,1,1,1,0,0,0,0,1,1,1,1,1,0,0,0,1,1,0,0,0,0,5.0,4.0,4,3,1,1,3,2,2,2,5,4,0,0,4,3,1,1,5,4,0,0
1,1,1,4,3,4,2,3,1,3,2,2,2,1,4,4,4,2,4,4,4,4,2,54,3,1,1,0,0,0,0,0,0,1,1,1,1,0,0,1,0,0,0,1,1,2,0,0,0,0,0,0,1,1,1,1,1,1,1,1,1,0,0,0,0,0,5.0,4.0,5,4,0,0,3,2,2,2,5,4,0,0,4,3,1,1,5,4,0,0
1,1,1,4,3,4,1,3,2,1,1,2,2,2,2,2,5,1,3,4,4,3,1,35,6,0,0,0,0,1,0,0,0,1,1,1,0,0,0,1,0,0,0,0,0,3,1,1,0,0,1,0,1,1,1,1,1,0,1,1,1,0,0,0,1,1,8.0,5.0,5,3,3,2,4,1,4,4,6,4,2,1,5,2,3,3,7,4,1,1
1,1,2,4,4,1,3,3,1,1,2,2,2,2,4,2,4,2,3,3,4,4,1,32,6,1,1,0,0,0,0,0,0,1,1,1,1,0,0,1,1,1,1,1,1,4,0,0,0,0,0,0,1,1,1,1,1,1,1,1,1,1,1,1,0,0,6.0,6.0,6,6,0,0,4,4,2,2,6,6,0,0,4,4,2,2,5,5,1,1
1,2,2,2,1,1,2,4,1,1,2,4,2,2,4,4,5,1,2,3,4,2,1,22,4,1,1,0,0,0,0,1,1,1,0,1,1,0,0,1,1,1,0,1,1,4,0,0,0,0,0,0,0,0,1,0,1,1,1,1,1,1,1,0,0,0,5.0,3.0,5,3,0,0,4,2,1,1,5,3,0,0,3,2,2,1,4,3,1,0
1,1,2,4,4,4,2,3,1,1,4,2,2,2,4,2,4,2,2,4,4,4,1,32,6,1,1,1,0,0,0,0,0,1,1,1,1,0,0,0,0,0,0,1,1,3,0,0,1,0,0,0,1,1,1,1,1,1,1,1,0,0,0,0,0,0,5.0,4.0,4,4,1,0,3,2,2,2,5,4,0,0,4,3,1,1,5,4,0,0
1,2,2,4,4,4,1,1,1,2,2,3,2,2,1,1,4,2,3,2,4,2,1,34,4,0,0,0,0,0,0,0,0,1,1,0,0,1,1,0,0,1,1,0,0,2,1,1,0,0,0,0,1,1,1,1,0,0,0,0,0,0,1,1,1,1,5.0,5.0,3,3,2,2,2,2,3,3,4,4,1,1,2,2,3,3,3,3,2,2
1,1,1,4,4,4,1,2,1,3,3,2,3,2,4,4,5,1,4,2,5,4,1,20,4,1,1,0,0,0,0,0,0,1,1,1,1,0,0,1,1,1,1,1,1,3,0,0,0,0,0,0,1,1,1,1,1,1,1,1,1,1,1,1,0,0,6.0,6.0,6,6,0,0,4,4,2,2,6,6,0,0,4,4,2,2,5,5,1,1
1,1,2,4,2,1,3,2,3,1,3,2,1,2,4,4,3,3,3,4,5,4,1,32,6,1,0,0,0,0,0,0,0,1,0,1,1,0,0,1,0,1,0,1,1,4,0,1,0,0,0,0,1,1,1,0,1,1,1,1,1,0,1,0,0,0,6.0,4.0,6,3,0,1,4,1,2,3,6,4,0,0,4,2,2,2,5,4,1,0
1,2,2,4,4,1,3,2,1,2,3,2,4,2,4,3,3,3,2,4,5,4,2,38,4,1,1,0,0,0,0,0,0,1,1,1,1,1,1,1,1,0,0,1,1,1,0,0,0,0,0,0,1,1,1,1,1,1,0,0,1,1,0,0,0,0,4.0,4.0,4,4,0,0,3,3,1,1,4,4,0,0,4,4,0,0,4,4,0,0
1,1,2,4,3,2,1,2,2,1,2,2,2,1,3,3,3,3,3,2,4,2,1,39,4,1,1,0,0,0,0,0,0,1,1,1,1,0,0,1,0,0,0,0,0,2,0,0,0,0,0,0,1,1,1,1,1,1,1,1,1,0,0,0,1,1,6.0,5.0,5,4,1,1,3,2,3,3,5,4,1,1,4,3,2,2,5,4,1,1
1,1,2,4,3,4,4,3,1,1,3,2,3,2,4,4,4,2,2,3,5,4,1,31,4,1,1,0,0,0,0,0,0,1,0,1,1,0,0,0,0,1,1,1,1,1,0,0,0,0,0,0,1,1,1,0,1,1,1,1,0,0,1,1,0,0,5.0,4.0,5,4,0,0,3,2,2,2,5,4,0,0,3,2,2,2,4,3,1,1
1,2,2,4,1,1,1,2,1,1,1,2,2,2,2,2,2,4,2,2,5,4,1,18,2,0,0,0,0,0,0,0,0,1,1,1,1,0,0,0,0,1,1,1,1,1,1,1,0,0,0,0,1,1,1,1,1,1,1,1,0,0,1,1,0,0,6.0,6.0,5,5,1,1,3,3,3,3,6,6,0,0,3,3,3,3,5,5,1,1
1,1,2,4,3,4,1,2,2,1,2,2,2,2,5,4,2,4,4,4,5,5,1,23,4,1,0,0,0,0,0,0,0,1,1,1,1,0,0,1,0,0,0,1,1,1,0,1,0,0,0,0,1,1,1,1,1,1,1,1,1,0,0,0,0,0,5.0,5.0,5,4,0,1,3,2,2,3,5,5,0,0,4,3,1,2,5,5,0,0
1,1,2,4,4,1,1,3,2,1,1,2,2,4,5,4,4,2,4,3,5,4,1,35,4,1,1,0,0,0,0,0,0,1,1,1,1,0,0,1,1,1,1,1,1,1,0,0,0,0,0,0,1,1,1,1,1,1,1,1,1,1,1,1,0,0,6.0,6.0,6,6,0,0,4,4,2,2,6,6,0,0,4,4,2,2,5,5,1,1
1,1,2,4,2,4,3,2,4,2,3,2,2,2,4,4,3,3,3,3,4,4,1,26,5,0,0,0,0,0,0,0,0,1,1,1,1,0,0,0,0,1,0,1,1,1,1,1,0,0,0,0,1,1,1,1,1,1,1,1,0,0,1,0,0,0,6.0,5.0,5,4,1,1,3,2,3,3,6,5,0,0,3,3,3,2,5,5,1,0
1,1,2,4,3,4,1,2,2,2,2,1,2,2,4,3,4,2,4,4,4,3,2,65,2,1,1,1,1,0,0,0,0,1,1,1,1,1,1,0,0,0,0,1,1,1,0,0,1,1,0,0,1,1,1,1,1,1,0,0,0,0,0,0,0,0,4.0,4.0,3,3,1,1,3,3,1,1,4,4,0,0,4,4,0,0,4,4,0,0
1,1,2,4,4,1,2,2,3,1,2,2,2,2,4,4,4,2,3,3,5,4,1,37,6,1,1,0,0,0,0,0,0,1,1,1,1,1,0,0,0,0,0,0,0,1,0,0,0,0,0,0,1,1,1,1,1,1,0,1,0,0,0,0,1,1,4.0,5.0,3,4,1,1,2,2,2,3,3,4,1,1,3,3,1,2,3,4,1,1
1,1,2,4,3,3,3,3,2,2,3,2,4,3,3,3,5,1,1,1,3,2,2,57,6,1,1,1,1,0,0,0,0,1,1,1,1,1,1,0,0,1,1,1,1,1,0,0,1,1,0,0,1,1,1,1,1,1,0,0,0,0,1,1,0,0,5.0,5.0,4,4,1,1,4,4,1,1,5,5,0,0,4,4,1,1,4,4,1,1
1,1,2,4,4,4,2,3,2,2,3,2,2,2,4,4,4,2,3,4,4,4,2,48,7,1,1,0,0,0,0,0,0,1,1,1,1,0,0,1,1,1,1,1,1,1,0,0,0,0,0,0,1,1,1,1,1,1,1,1,1,1,1,1,0,0,6.0,6.0,6,6,0,0,4,4,2,2,6,6,0,0,4,4,2,2,5,5,1,1
1,1,2,3,4,1,3,4,2,3,3,1,2,2,3,3,3,3,3,3,4,3,2,57,3,1,1,0,0,0,0,0,0,1,1,1,1,0,0,1,1,0,0,1,1,1,0,0,0,0,0,0,1,1,1,1,1,1,1,1,1,1,0,0,0,0,5.0,5.0,5,5,0,0,3,3,2,2,5,5,0,0,4,4,1,1,5,5,0,0
1,1,1,4,3,4,2,3,2,1,2,3,2,2,4,4,3,3,4,4,5,4,2,63,3,1,1,0,0,0,0,0,0,1,1,1,1,0,0,1,1,0,0,1,1,1,0,0,0,0,0,0,1,1,1,1,1,1,1,1,1,1,0,0,0,0,5.0,5.0,5,5,0,0,3,3,2,2,5,5,0,0,4,4,1,1,5,5,0,0
1,1,2,4,3,3,1,3,1,2,3,3,1,2,2,2,4,2,3,4,3,3,1,21,4,0,0,0,0,0,0,0,0,0,0,1,1,0,0,0,0,1,1,1,1,1,1,1,0,0,0,0,1,1,0,0,1,1,1,1,0,0,1,1,0,0,5.0,5.0,4,4,1,1,2,2,3,3,5,5,0,0,2,2,3,3,4,4,1,1
1,1,2,4,3,4,1,3,2,4,3,1,2,2,2,2,4,2,2,3,3,2,2,49,3,1,1,0,0,0,0,0,0,1,0,1,1,0,0,0,0,0,0,0,0,1,0,0,0,0,0,0,1,1,1,0,1,1,1,1,0,0,0,0,1,1,5.0,4.0,4,3,1,1,2,1,3,3,4,3,1,1,3,2,2,2,4,3,1,1
1,2,2,4,3,1,2,2,3,1,1,2,2,2,4,4,4,2,3,4,5,5,2,60,5,1,1,0,0,0,0,0,0,1,1,1,1,0,0,1,1,1,1,1,1,1,0,0,0,0,0,0,1,1,1,1,1,1,1,1,1,1,1,1,0,0,6.0,6.0,6,6,0,0,4,4,2,2,6,6,0,0,4,4,2,2,5,5,1,1
1,1,2,4,3,4,1,4,4,1,3,2,2,2,4,4,3,3,3,4,4,4,1,26,5,1,1,0,0,0,0,0,0,1,1,1,0,1,0,0,0,1,1,1,1,1,0,0,0,0,0,0,1,1,1,1,1,0,0,1,0,0,1,1,0,0,4.0,4.0,4,4,0,0,3,2,1,2,4,4,0,0,3,2,1,2,3,3,1,1
1,1,2,4,3,4,1,3,2,1,2,4,3,1,4,4,4,2,3,3,3,3,2,61,6,1,1,0,0,0,0,0,0,1,1,1,0,0,0,1,0,0,0,1,1,1,0,0,0,0,0,0,1,1,1,1,1,0,1,1,1,0,0,0,0,0,5.0,3.0,5,3,0,0,3,1,2,2,5,3,0,0,4,2,1,1,5,3,0,0
1,1,2,4,3,4,3,3,3,1,1,2,2,2,2,3,5,1,1,2,3,2,2,64,5,1,1,0,0,0,0,0,0,1,1,1,1,0,0,0,0,0,0,1,1,1,0,0,0,0,0,0,1,1,1,1,1,1,1,1,0,0,0,0,0,0,4.0,4.0,4,4,0,0,2,2,2,2,4,4,0,0,3,3,1,1,4,4,0,0
1,1,2,4,3,4,3,3,1,1,1,2,2,2,4,4,4,2,4,4,5,4,1,47,6,1,1,0,0,0,0,0,0,1,1,1,0,0,0,1,0,1,0,1,1,1,0,0,0,0,0,0,1,1,1,1,1,0,1,1,1,0,1,0,0,0,6.0,3.0,6,3,0,0,4,1,2,2,6,3,0,0,4,2,2,1,5,3,1,0
1,1,1,4,4,3,3,3,2,1,2,2,3,2,4,4,4,2,5,4,5,5,2,69,4,1,1,0,0,0,0,0,0,1,1,1,0,0,0,1,0,1,0,1,1,1,0,0,0,0,0,0,1,1,1,1,1,0,1,1,1,0,1,0,0,0,6.0,3.0,6,3,0,0,4,1,2,2,6,3,0,0,4,2,2,1,5,3,1,0
1,1,2,4,1,2,4,1,4,1,2,3,2,2,5,5,4,2,3,2,5,5,1,34,3,1,1,0,0,0,0,0,0,1,1,1,1,0,0,1,1,1,1,1,1,1,0,0,0,0,0,0,1,1,1,1,1,1,1,1,1,1,1,1,0,0,6.0,6.0,6,6,0,0,4,4,2,2,6,6,0,0,4,4,2,2,5,5,1,1
1,1,2,4,3,4,3,3,2,1,3,3,3,4,3,4,4,2,3,4,3,3,2,75,3,1,1,1,0,0,0,0,0,1,0,0,0,1,1,0,0,0,0,1,1,1,0,0,1,0,0,0,1,1,1,0,0,0,0,0,0,0,0,0,0,0,3.0,1.0,2,1,1,0,2,0,1,1,3,1,0,0,3,1,0,0,3,1,0,0
1,1,2,4,3,1,1,2,3,3,2,2,1,1,2,3,4,2,4,4,3,3,1,49,3,1,1,0,0,0,0,1,1,1,1,1,1,1,1,1,1,0,0,1,1,1,0,0,0,0,0,0,0,0,1,1,1,1,0,0,1,1,0,0,0,0,3.0,3.0,3,3,0,0,3,3,0,0,3,3,0,0,3,3,0,0,3,3,0,0
1,1,2,4,2,4,4,1,2,4,1,3,4,3,4,4,2,4,4,4,5,4,2,61,2,1,1,0,0,0,0,0,0,1,1,1,1,0,0,1,1,1,1,1,1,1,0,0,0,0,0,0,1,1,1,1,1,1,1,1,1,1,1,1,0,0,6.0,6.0,6,6,0,0,4,4,2,2,6,6,0,0,4,4,2,2,5,5,1,1
1,1,2,4,4,1,4,4,1,4,3,2,4,2,3,3,4,2,2,3,4,3,1,34,4,0,0,0,0,0,0,1,1,1,1,1,1,1,1,0,0,1,1,0,0,1,1,1,0,0,0,0,0,0,1,1,1,1,0,0,0,0,1,1,1,1,5.0,5.0,3,3,2,2,3,3,2,2,4,4,1,1,2,2,3,3,3,3,2,2
1,1,2,4,3,4,1,3,2,1,1,2,2,4,4,4,3,3,4,4,4,3,2,52,6,1,1,1,1,0,0,0,0,1,1,0,0,1,1,1,1,0,0,0,0,1,0,0,1,1,0,0,1,1,1,1,0,0,0,0,1,1,0,0,1,1,5.0,5.0,3,3,2,2,3,3,2,2,4,4,1,1,4,4,1,1,4,4,1,1
1,2,2,4,4,1,3,2,1,1,3,2,2,1,4,4,3,3,3,3,4,4,2,43,3,1,1,0,0,0,0,0,0,1,0,1,1,0,0,1,0,1,0,1,1,1,0,0,0,0,0,0,1,1,1,0,1,1,1,1,1,0,1,0,0,0,6.0,3.0,6,3,0,0,4,1,2,2,6,3,0,0,4,2,2,1,5,3,1,0
1,1,2,4,3,3,3,4,1,1,2,3,2,2,3,4,3,3,3,4,5,3,2,30,4,1,1,0,0,0,0,0,0,1,1,1,1,0,0,1,1,1,0,1,1,1,0,0,0,0,0,0,1,1,1,1,1,1,1,1,1,1,1,0,0,0,6.0,5.0,6,5,0,0,4,3,2,2,6,5,0,0,4,4,2,1,5,5,1,0
1,1,2,4,4,2,1,2,1,3,2,2,1,2,5,5,3,3,4,4,5,5,2,50,4,1,1,0,0,0,0,0,0,1,1,1,1,0,0,1,1,1,1,1,1,1,0,0,0,0,0,0,1,1,1,1,1,1,1,1,1,1,1,1,0,0,6.0,6.0,6,6,0,0,4,4,2,2,6,6,0,0,4,4,2,2,5,5,1,1
1,1,2,3,4,4,1,2,3,2,3,2,2,2,4,4,3,3,4,4,5,4,2,35,4,1,1,0,0,0,0,0,0,1,1,1,1,1,1,1,1,0,0,0,0,1,0,0,0,0,0,0,1,1,1,1,1,1,0,0,1,1,0,0,1,1,5.0,5.0,4,4,1,1,3,3,2,2,4,4,1,1,4,4,1,1,4,4,1,1
1,1,2,4,3,3,1,2,1,1,2,2,2,2,4,4,4,2,2,4,4,4,2,39,4,1,1,1,1,0,0,1,1,1,1,0,0,1,1,0,0,0,0,1,1,1,0,0,1,1,0,0,0,0,1,1,0,0,0,0,0,0,0,0,0,0,2.0,2.0,1,1,1,1,2,2,0,0,2,2,0,0,2,2,0,0,2,2,0,0
1,1,1,4,4,4,1,3,2,1,4,2,3,4,3,3,3,3,3,3,4,3,1,60,7,1,1,1,0,1,0,0,0,1,1,1,1,0,0,0,0,0,0,1,1,1,0,0,1,0,1,0,1,1,1,1,1,1,1,1,0,0,0,0,0,0,6.0,4.0,4,4,2,0,4,2,2,2,5,4,1,0,5,3,1,1,6,4,0,0
1,1,2,4,4,1,1,2,1,1,1,3,2,2,4,3,5,1,4,4,4,4,2,65,3,1,1,1,1,0,0,1,1,1,1,1,1,0,0,0,0,1,1,1,1,1,0,0,1,1,0,0,0,0,1,1,1,1,1,1,0,0,1,1,0,0,5.0,5.0,4,4,1,1,4,4,1,1,5,5,0,0,3,3,2,2,4,4,1,1
1,1,2,4,1,2,1,2,2,3,2,2,3,3,4,3,5,1,4,4,1,1,1,63,3,1,1,1,1,0,0,0,0,1,1,0,0,1,1,0,0,1,1,1,1,1,0,0,1,1,0,0,1,1,1,1,0,0,0,0,0,0,1,1,0,0,4.0,4.0,3,3,1,1,3,3,1,1,4,4,0,0,3,3,1,1,3,3,1,1
1,1,1,4,4,4,1,1,1,1,1,2,2,2,2,3,3,3,3,4,2,3,2,38,5,1,1,0,0,0,0,0,0,1,0,1,1,0,0,1,0,1,0,1,1,1,0,0,0,0,0,0,1,1,1,0,1,1,1,1,1,0,1,0,0,0,6.0,3.0,6,3,0,0,4,1,2,2,6,3,0,0,4,2,2,1,5,3,1,0
1,1,2,2,3,4,1,3,2,1,3,2,2,1,3,3,5,1,3,3,4,3,2,66,4,1,1,1,1,0,0,0,0,1,1,1,1,0,0,1,1,0,0,0,0,1,0,0,1,1,0,0,1,1,1,1,1,1,1,1,1,1,0,0,1,1,7.0,7.0,5,5,2,2,4,4,3,3,6,6,1,1,5,5,2,2,6,6,1,1
1,1,2,3,3,1,4,3,2,2,1,2,3,2,3,3,4,2,3,4,3,3,2,50,7,1,1,0,0,0,0,0,0,1,1,1,1,0,0,1,1,0,0,1,1,1,0,0,0,0,0,0,1,1,1,1,1,1,1,1,1,1,0,0,0,0,5.0,5.0,5,5,0,0,3,3,2,2,5,5,0,0,4,4,1,1,5,5,0,0
1,1,2,4,1,4,1,4,2,1,2,3,2,2,2,2,4,2,3,3,2,1,2,36,6,1,1,0,0,0,0,0,0,1,1,0,0,0,0,0,0,1,1,1,1,1,0,0,0,0,0,0,1,1,1,1,0,0,1,1,0,0,1,1,0,0,4.0,4.0,4,4,0,0,2,2,2,2,4,4,0,0,2,2,2,2,3,3,1,1
1,1,2,4,1,4,3,2,1,1,2,4,2,1,2,2,5,1,4,4,3,2,1,67,3,1,1,0,0,0,0,0,0,1,1,1,1,0,0,1,1,0,0,1,1,1,0,0,0,0,0,0,1,1,1,1,1,1,1,1,1,1,0,0,0,0,5.0,5.0,5,5,0,0,3,3,2,2,5,5,0,0,4,4,1,1,5,5,0,0
1,1,2,4,2,4,1,2,1,1,2,2,3,4,3,3,5,1,3,1,3,3,2,67,6,1,1,0,0,0,0,0,0,1,1,1,1,1,1,0,0,0,0,1,0,1,0,0,0,0,0,0,1,1,1,1,1,1,0,0,0,0,0,0,0,1,3.0,4.0,3,3,0,1,2,2,1,2,3,3,0,1,3,3,0,1,3,3,0,1
1,1,2,4,2,2,3,3,4,1,3,1,2,3,3,4,4,2,4,3,5,2,2,66,3,0,1,0,0,0,0,0,0,1,1,1,1,0,0,0,1,0,0,1,1,1,1,0,0,0,0,0,1,1,1,1,1,1,1,1,0,1,0,0,0,0,5.0,5.0,4,5,1,0,2,3,3,2,5,5,0,0,3,4,2,1,5,5,0,0
1,1,1,4,3,1,3,3,1,1,4,2,3,2,4,4,4,2,3,4,4,5,2,36,3,1,1,0,0,0,0,0,0,1,1,1,1,0,0,1,1,1,1,1,1,1,0,0,0,0,0,0,1,1,1,1,1,1,1,1,1,1,1,1,0,0,6.0,6.0,6,6,0,0,4,4,2,2,6,6,0,0,4,4,2,2,5,5,1,1
